stock_id,stock_name,buy_lots,sell_lots,net_lots,gross_buy_twd,gross_sell_twd,net_flow_twd,date
0050,元大台灣50,46,0,46,4715000,0,4715000,2026-08-20
0056,元大高股息,35,11,24,0,0,0,2026-08-20
1102,亞泥,0,58,-58,0,2022000,-2022000,2026-08-20
1303,南亞,0,0,0,21056000,19116000,1940000,2026-08-20
1326,台化,8,32,-24,470000,1886000,-1416000,2026-08-20
1402,遠東新,21,46,-25,0,0,0,2026-08-20
1504,東元,14,30,-16,1026000,2198000,-1172000,2026-08-20
1593,祺驊,19,0,19,0,0,0,2026-08-20
1717,長興,16,1,15,0,0,0,2026-08-20
1727,中華化,258,4,254,23154000,363000,22791000,2026-08-20
1808,潤隆,0,12,-12,0,0,0,2026-08-20
1815,富喬,100,119,-19,10511000,12702000,-2191000,2026-08-20
2002,中鋼,11,32,-21,0,0,0,2026-08-20
2031,新光鋼,52,2,50,2394000,91000,2303000,2026-08-20
2059,川湖,0,0,0,182000,1414000,-1232000,2026-08-20
2103,台橡,0,41,-41,0,0,0,2026-08-20
2104,國際中橡,41,20,21,0,0,0,2026-08-20
2236,百達-KY,0,0,0,0,1153000,-1153000,2026-08-20
2301,光寶科,11,51,-40,3029000,14096000,-11067000,2026-08-20
2303,聯電,36,19,17,4095000,2167000,1928000,2026-08-20
2308,台達電,0,0,0,13900000,6322000,7578000,2026-08-20
2313,華通,33,43,-10,7241000,9483000,-2242000,2026-08-20
2327,國巨*,0,0,0,18266000,12391000,5875000,2026-08-20
2330,台積電,0,0,0,858000,12686000,-11828000,2026-08-20
2344,華邦電,0,0,0,29330000,30762000,-1432000,2026-08-20
2345,智邦,0,0,0,2342000,25000,2317000,2026-08-20
2359,所羅門,170,194,-24,27070000,30327000,-3257000,2026-08-20
2368,金像電,23,1,22,24661000,1128000,23533000,2026-08-20
2371,大同,22,77,-55,602000,2092000,-1490000,2026-08-20
2377,微星,36,292,-256,5132000,41740000,-36608000,2026-08-20
2379,瑞昱,135,1,134,94682000,826000,93856000,2026-08-20
2382,廣達,0,0,0,2969000,987000,1982000,2026-08-20
2383,台光電,0,0,0,17936000,12997000,4939000,2026-08-20
2408,南亞科,52,91,-39,26638000,46836000,-20198000,2026-08-20
2409,友達,67,38,29,0,0,0,2026-08-20
2421,建準,0,0,0,1435000,0,1435000,2026-08-20
2454,聯發科,0,0,0,42190000,23051000,19139000,2026-08-20
2458,義隆,1,186,-185,146000,27296000,-27150000,2026-08-20
2464,盟立,0,0,0,9771000,7874000,1897000,2026-08-20
2481,強茂,71,46,25,9995000,6526000,3469000,2026-08-20
2492,華新科,53,33,20,14998000,9383000,5615000,2026-08-20
2546,根基,77,0,77,8954000,0,8954000,2026-08-20
2603,長榮,4,900,-896,972000,219306000,-218334000,2026-08-20
2606,裕民,1,12,-11,0,0,0,2026-08-20
2609,陽明,33,138,-105,1963000,8232000,-6269000,2026-08-20
2610,華航,201,20,181,4020000,403000,3617000,2026-08-20
2615,萬海,12,25,-13,1343000,2813000,-1470000,2026-08-20
2618,長榮航,5,33,-28,219000,1370000,-1151000,2026-08-20
2852,第一保,65,7,58,1860000,214000,1646000,2026-08-20
2887,台新新光金,79,0,79,2836000,0,2836000,2026-08-20
2892,第一金,31,0,31,0,0,0,2026-08-20
3017,奇鋐,0,0,0,9320000,23625000,-14305000,2026-08-20
3037,欣興,10,20,-10,11345000,22475000,-11130000,2026-08-20
3048,益登,5,32,-27,284000,1777000,-1493000,2026-08-20
3081,聯亞,0,0,0,17389000,9908000,7481000,2026-08-20
3090,日電貿,34,44,-10,6001000,7750000,-1749000,2026-08-20
3131,弘塑,0,0,0,2336000,0,2336000,2026-08-20
3189,景碩,0,0,0,7418000,1927000,5491000,2026-08-20
3211,順達,0,0,0,4107000,1419000,2688000,2026-08-20
3231,緯創,23,5,18,4114000,818000,3296000,2026-08-20
3362,先進光,43,56,-13,8129000,10634000,-2505000,2026-08-20
3363,上詮,0,0,0,2417000,4198000,-1781000,2026-08-20
3374,精材,51,5,46,16221000,1678000,14543000,2026-08-20
3443,創意,0,0,0,32455000,1118000,31337000,2026-08-20
3450,聯鈞,27,14,13,15076000,7885000,7191000,2026-08-20
3455,由田,0,0,0,250000,2188000,-1938000,2026-08-20
3481,群創,93,80,13,0,0,0,2026-08-20
3532,台勝科,0,0,0,8255000,6786000,1469000,2026-08-20
3665,貿聯-KY,38,4,34,85100000,9144000,75956000,2026-08-20
3673,TPK-KY,6,31,-25,384000,2006000,-1622000,2026-08-20
3702,大聯大,94,1,93,9862000,105000,9757000,2026-08-20
3711,日月光投控,34,52,-18,19525000,30471000,-10946000,2026-08-20
4123,晟德,21,0,21,0,0,0,2026-08-20
4142,國光生,0,36,-36,0,0,0,2026-08-20
4722,國精化,0,0,0,1823000,3632000,-1809000,2026-08-20
4764,雙鍵,14,2,12,2789000,299000,2490000,2026-08-20
4958,臻鼎-KY,0,0,0,9677000,13707000,-4030000,2026-08-20
5269,祥碩,0,0,0,0,1425000,-1425000,2026-08-20
5289,宜鼎,0,0,0,4515000,455000,4060000,2026-08-20
5351,鈺創,18,64,-46,2182000,7531000,-5349000,2026-08-20
5425,台半,39,23,16,3527000,2103000,1424000,2026-08-20
5483,中美晶,14,27,-13,2536000,4827000,-2291000,2026-08-20
5521,工信,0,80,-80,0,0,0,2026-08-20
5534,長虹,1,16,-15,81000,1298000,-1217000,2026-08-20
5608,四維航,54,39,15,0,0,0,2026-08-20
5609,中菲行,15,0,15,0,0,0,2026-08-20
5876,上海商銀,2,26,-24,0,0,0,2026-08-20
6116,彩晶,13,262,-249,183000,3642000,-3459000,2026-08-20
6139,亞翔,175,1,174,132134000,775000,131359000,2026-08-20
6147,頎邦,0,0,0,488000,1645000,-1157000,2026-08-20
6173,信昌電,124,109,15,26875000,23878000,2997000,2026-08-20
6182,合晶,47,74,-27,5180000,8148000,-2968000,2026-08-20
6196,帆宣,0,0,0,1503000,0,1503000,2026-08-20
6213,聯茂,32,18,14,16166000,8696000,7470000,2026-08-20
6224,聚鼎,0,16,-16,0,0,0,2026-08-20
6257,矽格,0,0,0,2194000,597000,1597000,2026-08-20
6274,台燿,2,28,-26,3108000,43603000,-40495000,2026-08-20
6426,統新,0,0,0,0,2246000,-2246000,2026-08-20
6488,環球晶,0,0,0,8978000,6184000,2794000,2026-08-20
6510,精測,0,0,0,2680000,5461000,-2781000,2026-08-20
6770,力積電,131,97,34,8891000,6530000,2361000,2026-08-20
6805,富世達,0,15,-15,18000,26297000,-26279000,2026-08-20
6840,東研信超,100,0,100,8221000,0,8221000,2026-08-20
7769,鴻勁,0,0,0,127000,6641000,-6514000,2026-08-20
7788,松川精密,3,25,-22,792000,6575000,-5783000,2026-08-20
8021,尖點,0,0,0,6125000,4170000,1955000,2026-08-20
8033,雷虎,0,0,0,0,1504000,-1504000,2026-08-20
8039,台虹,149,90,59,41809000,25768000,16041000,2026-08-20
8097,常珵,0,76,-76,0,3759000,-3759000,2026-08-20
8210,勤誠,0,0,0,2452000,988000,1464000,2026-08-20
8299,群聯,0,0,0,8010000,10590000,-2580000,2026-08-20
8358,金居,0,0,0,12610000,7423000,5187000,2026-08-20
0050,元大台灣50,6,37,-31,581000,3862000,-3281000,2026-08-21
1101,台泥,144,18,126,3569000,446000,3123000,2026-08-21
1301,台塑,10,40,-30,580000,2362000,-1782000,2026-08-21
1303,南亞,0,0,0,11048000,12348000,-1300000,2026-08-21
1304,台聚,10,0,10,0,0,0,2026-08-21
1314,中石化,66,6,60,0,0,0,2026-08-21
1316,上曜,11,0,11,0,0,0,2026-08-21
1326,台化,52,62,-10,0,0,0,2026-08-21
1402,遠東新,14,2326,-2312,426000,70007000,-69581000,2026-08-21
1447,力鵬,22,0,22,0,0,0,2026-08-21
1504,東元,20,0,20,1453000,0,1453000,2026-08-21
1718,中纖,0,12,-12,0,0,0,2026-08-21
1815,富喬,369,173,196,40703000,18998000,21705000,2026-08-21
2031,新光鋼,12,0,12,0,0,0,2026-08-21
2104,國際中橡,0,36,-36,0,0,0,2026-08-21
2301,光寶科,10,40,-30,2539000,10422000,-7883000,2026-08-21
2303,聯電,150,139,11,17484000,16130000,1354000,2026-08-21
2308,台達電,0,0,0,1785000,7010000,-5225000,2026-08-21
2313,華通,23,13,10,4997000,2808000,2189000,2026-08-21
2317,鴻海,0,0,0,1864000,490000,1374000,2026-08-21
2327,國巨*,0,0,0,15137000,13386000,1751000,2026-08-21
2330,台積電,0,0,0,5066000,14191000,-9125000,2026-08-21
2344,華邦電,128,115,13,22843000,20540000,2303000,2026-08-21
2345,智邦,0,0,0,2348000,204000,2144000,2026-08-21
2368,金像電,6,26,-20,6032000,25785000,-19753000,2026-08-21
2379,瑞昱,0,0,0,1424000,2940000,-1516000,2026-08-21
2382,廣達,16,1,15,5155000,338000,4817000,2026-08-21
2383,台光電,0,0,0,23880000,591000,23289000,2026-08-21
2408,南亞科,83,109,-26,43372000,56892000,-13520000,2026-08-21
2409,友達,32,8,24,0,0,0,2026-08-21
2412,中華電,180,197,-17,24485000,26891000,-2406000,2026-08-21
2426,鼎元,1,12,-11,0,0,0,2026-08-21
2451,創見,1,13,-12,307000,4078000,-3771000,2026-08-21
2454,聯發科,0,0,0,30282000,38217000,-7935000,2026-08-21
2458,義隆,2,29,-27,310000,4118000,-3808000,2026-08-21
2481,強茂,12,23,-11,1639000,3160000,-1521000,2026-08-21
2486,一詮,0,0,0,5399000,3396000,2003000,2026-08-21
2489,瑞軒,233,351,-118,8111000,12397000,-4286000,2026-08-21
2542,興富發,0,10,-10,0,0,0,2026-08-21
2546,根基,34,0,34,3964000,11000,3953000,2026-08-21
2603,長榮,0,0,0,1506000,3483000,-1977000,2026-08-21
2605,新興,38,17,21,0,0,0,2026-08-21
2606,裕民,3,346,-343,216000,24748000,-24532000,2026-08-21
2609,陽明,38,66,-28,2410000,4144000,-1734000,2026-08-21
2611,志信,2,13,-11,0,0,0,2026-08-21
2615,萬海,49,78,-29,5929000,9442000,-3513000,2026-08-21
2636,台驊控股,21,1,20,1546000,74000,1472000,2026-08-21
2836,高雄銀,0,17,-17,0,0,0,2026-08-21
2852,第一保,25,0,25,0,0,0,2026-08-21
2880,華南金,3,26,-23,0,0,0,2026-08-21
2881,富邦金,4,33,-29,570000,4326000,-3756000,2026-08-21
2883,凱基金,0,96,-96,0,3018000,-3018000,2026-08-21
2887,台新新光金,0,32,-32,2000,1192000,-1190000,2026-08-21
2891,中信金,0,11,-11,0,0,0,2026-08-21
2892,第一金,1,54,-53,34000,1817000,-1783000,2026-08-21
3008,大立光,0,0,0,22661000,28127000,-5466000,2026-08-21
3017,奇鋐,0,0,0,11719000,6389000,5330000,2026-08-21
3026,禾伸堂,62,12,50,42893000,8673000,34220000,2026-08-21
3037,欣興,0,0,0,13257000,16407000,-3150000,2026-08-21
3044,健鼎,0,0,0,3401000,511000,2890000,2026-08-21
3090,日電貿,20,36,-16,3490000,6109000,-2619000,2026-08-21
3105,穩懋,0,0,0,4237000,1876000,2361000,2026-08-21
3131,弘塑,0,0,0,0,2330000,-2330000,2026-08-21
3167,大量,0,0,0,3734000,793000,2941000,2026-08-21
3189,景碩,0,0,0,8997000,3429000,5568000,2026-08-21
3260,威剛,8,46,-38,3443000,19185000,-15742000,2026-08-21
3450,聯鈞,0,0,0,5601000,4005000,1596000,2026-08-21
3481,群創,57,24,33,2589000,1105000,1484000,2026-08-21
3533,嘉澤,0,0,0,3208000,1634000,1574000,2026-08-21
3653,健策,0,0,0,11160000,5525000,5635000,2026-08-21
3661,世芯-KY,0,0,0,11214000,14910000,-3696000,2026-08-21
3665,貿聯-KY,0,0,0,4726000,2951000,1775000,2026-08-21
3711,日月光投控,0,0,0,7674000,4106000,3568000,2026-08-21
4722,國精化,21,8,13,4345000,1653000,2692000,2026-08-21
4912,聯德控股-KY,12,0,12,0,0,0,2026-08-21
4915,致伸,25,0,25,1503000,12000,1491000,2026-08-21
4958,臻鼎-KY,0,0,0,5913000,4466000,1447000,2026-08-21
4971,IET-KY,26,0,26,15318000,0,15318000,2026-08-21
4979,華星光,0,0,0,6396000,10558000,-4162000,2026-08-21
4991,環宇-KY,0,0,0,3537000,1002000,2535000,2026-08-21
5274,信驊,0,0,0,15426000,0,15426000,2026-08-21
5284,jpp-KY,0,0,0,338000,2097000,-1759000,2026-08-21
5289,宜鼎,0,0,0,0,1808000,-1808000,2026-08-21
5483,中美晶,21,3,18,3856000,552000,3304000,2026-08-21
5516,雙喜,27,6,21,0,0,0,2026-08-21
5536,聖暉*,0,0,0,6944000,0,6944000,2026-08-21
5609,中菲行,0,25,-25,0,1980000,-1980000,2026-08-21
6116,彩晶,14,0,14,0,0,0,2026-08-21
6163,華電網,30,9,21,0,0,0,2026-08-21
6182,合晶,0,0,0,2137000,3163000,-1026000,2026-08-21
6213,聯茂,53,87,-34,27753000,45795000,-18042000,2026-08-21
6224,聚鼎,0,19,-19,0,1437000,-1437000,2026-08-21
6278,台表科,5,68,-63,941000,12671000,-11730000,2026-08-21
6282,康舒,3,15,-12,0,0,0,2026-08-21
6442,光聖,0,0,0,64000,15950000,-15886000,2026-08-21
6446,藥華藥,0,0,0,0,1405000,-1405000,2026-08-21
6488,環球晶,0,0,0,6956000,1915000,5041000,2026-08-21
6505,台塑化,49,68,-19,3652000,5126000,-1474000,2026-08-21
6510,精測,0,0,0,5392000,0,5392000,2026-08-21
6547,高端疫苗,34,2,32,1890000,111000,1779000,2026-08-21
6617,共信-KY,6,18,-12,664000,2000000,-1336000,2026-08-21
6672,騰輝電子-KY,0,0,0,2839000,1680000,1159000,2026-08-21
6683,雍智科技,0,0,0,4498000,0,4498000,2026-08-21
6770,力積電,74,115,-41,4993000,7800000,-2807000,2026-08-21
6805,富世達,0,11,-11,18000,19051000,-19033000,2026-08-21
6919,康霈*,106,1,105,12154000,116000,12038000,2026-08-21
6949,沛爾生醫*-創,0,0,0,2330000,0,2330000,2026-08-21
7751,竑騰,0,0,0,0,1758000,-1758000,2026-08-21
7777,能率亞洲,10,0,10,0,0,0,2026-08-21
8021,尖點,11,0,11,4483000,0,4483000,2026-08-21
8039,台虹,152,130,22,43731000,37678000,6053000,2026-08-21
8046,南電,0,0,0,9635000,11245000,-1610000,2026-08-21
8097,常珵,0,58,-58,0,2835000,-2835000,2026-08-21
8271,宇瞻,0,0,0,1878000,707000,1171000,2026-08-21
8299,群聯,0,0,0,6750000,12346000,-5596000,2026-08-21
8358,金居,46,73,-27,19843000,31538000,-11695000,2026-08-21
0050,元大台灣50,6,38,-32,606000,4027000,-3421000,2026-08-26
0056,元大高股息,32,1,31,1664000,60000,1604000,2026-08-26
1101,台泥,25,0,25,0,0,0,2026-08-26
1210,大成,11,0,11,0,0,0,2026-08-26
1303,南亞,110,187,-77,22050000,37299000,-15249000,2026-08-26
1305,華夏,0,31,-31,0,0,0,2026-08-26
1312,國喬,0,20,-20,0,0,0,2026-08-26
1314,中石化,34,23,11,0,0,0,2026-08-26
1709,和益,3,23,-20,0,0,0,2026-08-26
1710,東聯,11,0,11,0,0,0,2026-08-26
1802,台玻,116,80,36,6971000,4854000,2117000,2026-08-26
1815,富喬,239,146,93,27602000,16937000,10665000,2026-08-26
2104,國際中橡,0,80,-80,0,0,0,2026-08-26
2301,光寶科,41,111,-70,12516000,33286000,-20770000,2026-08-26
2303,聯電,39,114,-75,4826000,14075000,-9249000,2026-08-26
2308,台達電,0,0,0,2315000,498000,1817000,2026-08-26
2313,華通,0,0,0,1764000,5406000,-3642000,2026-08-26
2317,鴻海,0,0,0,2636000,6771000,-4135000,2026-08-26
2327,國巨*,0,0,0,12581000,8709000,3872000,2026-08-26
2330,台積電,6,27,-21,13280000,64069000,-50789000,2026-08-26
2332,友訊,2,33,-31,0,0,0,2026-08-26
2344,華邦電,61,105,-44,11048000,19015000,-7967000,2026-08-26
2352,佳世達,22,0,22,0,0,0,2026-08-26
2353,§»ùÖ,0,19,-19,0,0,0,2026-08-26
2359,所羅門,0,0,0,291000,2765000,-2474000,2026-08-26
2368,金像電,0,0,0,630000,3060000,-2430000,2026-08-26
2376,技嘉,0,0,0,3848000,1055000,2793000,2026-08-26
2377,微星,3,51,-48,440000,7494000,-7054000,2026-08-26
2379,瑞昱,13,0,13,9515000,0,9515000,2026-08-26
2383,台光電,0,0,0,53815000,19123000,34692000,2026-08-26
2408,南亞科,63,87,-24,32081000,44889000,-12808000,2026-08-26
2426,鼎元,306,293,13,29531000,28173000,1358000,2026-08-26
2439,美律,4,40,-36,329000,3289000,-2960000,2026-08-26
2441,超豐,1,43,-42,116000,5017000,-4901000,2026-08-26
2449,京元電子,0,0,0,982000,3770000,-2788000,2026-08-26
2454,聯發科,0,0,0,30413000,43605000,-13192000,2026-08-26
2455,全新,14,1,13,6010000,460000,5550000,2026-08-26
2481,強茂,58,83,-25,8417000,12054000,-3637000,2026-08-26
2489,瑞軒,330,306,24,0,0,0,2026-08-26
2491,吉祥全,0,17,-17,0,0,0,2026-08-26
2511,太子,20,0,20,0,0,0,2026-08-26
2603,長榮,0,0,0,722000,2911000,-2189000,2026-08-26
2609,陽明,146,186,-40,8596000,11136000,-2540000,2026-08-26
2615,萬海,19,106,-87,2220000,12484000,-10264000,2026-08-26
2812,台中銀,20,0,20,0,0,0,2026-08-26
2834,臺企銀,20,3,17,0,0,0,2026-08-26
2852,第一保,0,143,-143,0,4278000,-4278000,2026-08-26
2883,凱基金,0,27,-27,0,0,0,2026-08-26
2886,兆豐金,2,35,-33,0,0,0,2026-08-26
2892,第一金,31,60,-29,0,0,0,2026-08-26
2897,王道銀行,0,636,-636,0,6583000,-6583000,2026-08-26
3006,晶豪科,15,4,11,4066000,1087000,2979000,2026-08-26
3008,大立光,0,0,0,0,19377000,-19377000,2026-08-26
3037,欣興,0,0,0,8202000,13116000,-4914000,2026-08-26
3041,揚智,15,0,15,0,0,0,2026-08-26
3060,銘異,10,0,10,0,0,0,2026-08-26
3131,弘塑,0,0,0,0,4720000,-4720000,2026-08-26
3135,凌航,2,25,-23,371000,4631000,-4260000,2026-08-26
3163,波若威,0,0,0,14943000,17214000,-2271000,2026-08-26
3167,大量,0,0,0,2796000,7785000,-4989000,2026-08-26
3189,景碩,9,29,-20,7101000,24500000,-17399000,2026-08-26
3231,緯創,7,40,-33,1313000,7274000,-5961000,2026-08-26
3260,威剛,17,5,12,7130000,2082000,5048000,2026-08-26
3264,欣銓,0,0,0,2387000,219000,2168000,2026-08-26
3293,鈊象,0,0,0,1519000,0,1519000,2026-08-26
3362,先進光,177,242,-65,36428000,49851000,-13423000,2026-08-26
3374,精材,23,12,11,7508000,4127000,3381000,2026-08-26
3441,聯一光,82,115,-33,10060000,14050000,-3990000,2026-08-26
3443,創意,0,0,0,585000,6166000,-5581000,2026-08-26
3450,聯鈞,0,0,0,6666000,10733000,-4067000,2026-08-26
3532,台勝科,0,0,0,14877000,13587000,1290000,2026-08-26
3533,嘉澤,0,0,0,4054000,0,4054000,2026-08-26
3653,健策,0,0,0,11396000,5614000,5782000,2026-08-26
3661,世芯-KY,0,0,0,20155000,15946000,4209000,2026-08-26
3665,貿聯-KY,0,0,0,1241000,0,1241000,2026-08-26
3680,家登,0,0,0,954000,4753000,-3799000,2026-08-26
3707,漢磊,17,6,11,0,0,0,2026-08-26
4542,科嶠,120,51,69,33509000,14251000,19258000,2026-08-26
4585,達明,0,0,0,301000,2701000,-2400000,2026-08-26
4722,國精化,13,0,13,2749000,0,2749000,2026-08-26
4906,正文,67,7,60,2484000,260000,2224000,2026-08-26
4916,事欣科,60,40,20,6143000,4100000,2043000,2026-08-26
4931,新盛力,17,0,17,4156000,0,4156000,2026-08-26
4979,華星光,0,0,0,20298000,15237000,5061000,2026-08-26
5289,宜鼎,0,0,0,3007000,5000,3002000,2026-08-26
5351,鈺創,19,8,11,2251000,943000,1308000,2026-08-26
5475,德宏,20,0,20,3590000,0,3590000,2026-08-26
6108,競國,16,0,16,0,0,0,2026-08-26
6116,彩晶,169,26,143,2451000,373000,2078000,2026-08-26
6129,普誠,12,0,12,0,0,0,2026-08-26
6141,柏承,31,7,24,1526000,350000,1176000,2026-08-26
6147,頎邦,0,0,0,11825000,14089000,-2264000,2026-08-26
6168,宏齊,1,29,-28,0,0,0,2026-08-26
6187,萬潤,0,0,0,1368000,25000,1343000,2026-08-26
6213,聯茂,106,24,82,58846000,13703000,45143000,2026-08-26
6274,台燿,0,0,0,14062000,12246000,1816000,2026-08-26
6278,台表科,14,50,-36,2785000,9905000,-7120000,2026-08-26
6290,良維,41,0,41,9787000,0,9787000,2026-08-26
6446,藥華藥,0,0,0,49445000,34876000,14569000,2026-08-26
6488,環球晶,0,0,0,8065000,17215000,-9150000,2026-08-26
6510,精測,0,0,0,0,2620000,-2620000,2026-08-26
6605,帝寶,10,0,10,1385000,0,1385000,2026-08-26
6669,緯穎,0,0,0,5776000,941000,4835000,2026-08-26
6727,亞泰金屬,0,0,0,8000,5856000,-5848000,2026-08-26
6770,力積電,41,68,-27,0,0,0,2026-08-26
6830,汎銓,0,0,0,8164000,6888000,1276000,2026-08-26
7734,印能科技,0,0,0,0,3215000,-3215000,2026-08-26
8021,尖點,0,0,0,23177000,19025000,4152000,2026-08-26
8033,雷虎,0,0,0,6691000,4871000,1820000,2026-08-26
8039,台虹,71,97,-26,21749000,30063000,-8314000,2026-08-26
8046,南電,0,0,0,2675000,11728000,-9053000,2026-08-26
8085,福華,2,30,-28,0,0,0,2026-08-26
8112,至上,51,0,51,4764000,0,4764000,2026-08-26
8150,南茂,23,10,13,2089000,930000,1159000,2026-08-26
8299,群聯,0,0,0,389000,11666000,-11277000,2026-08-26
8358,金居,0,0,0,5139000,10629000,-5490000,2026-08-26
8996,高力,0,0,0,2328000,1190000,1138000,2026-08-26
0050,元大台灣50,9,46,-37,924000,4884000,-3960000,2026-08-28
0056,元大高股息,50,9,41,2705000,497000,2208000,2026-08-28
1101,台泥,16,27,-11,0,0,0,2026-08-28
1210,大成,51,0,51,2654000,0,2654000,2026-08-28
1301,台塑,21,35,-14,0,0,0,2026-08-28
1303,南亞,0,0,0,37145000,34526000,2619000,2026-08-28
1314,中石化,17,0,17,0,0,0,2026-08-28
1319,東陽,20,0,20,1657000,0,1657000,2026-08-28
1503,士電,0,0,0,2287000,412000,1875000,2026-08-28
1709,和益,14,34,-20,0,0,0,2026-08-28
1717,長興,65,26,39,5029000,2033000,2996000,2026-08-28
1727,中華化,5,46,-41,472000,4570000,-4098000,2026-08-28
1802,台玻,12,35,-23,0,0,0,2026-08-28
1815,富喬,296,165,131,36167000,20109000,16058000,2026-08-28
2002,中鋼,21,1,20,0,0,0,2026-08-28
2104,國際中橡,40,0,40,0,0,0,2026-08-28
2301,光寶科,46,56,-10,14434000,17711000,-3277000,2026-08-28
2303,聯電,95,248,-153,12164000,31848000,-19684000,2026-08-28
2308,台達電,0,0,0,5855000,16650000,-10795000,2026-08-28
2313,華通,0,0,0,24559000,20569000,3990000,2026-08-28
2324,仁寶,28,12,16,0,0,0,2026-08-28
2327,國巨*,0,0,0,36924000,34369000,2555000,2026-08-28
2330,台積電,0,0,0,5541000,9270000,-3729000,2026-08-28
2332,友訊,22,1,21,0,0,0,2026-08-28
2344,華邦電,78,88,-10,14385000,16313000,-1928000,2026-08-28
2354,鴻準,43,0,43,2745000,1000,2744000,2026-08-28
2359,所羅門,15,37,-22,2221000,5441000,-3220000,2026-08-28
2368,金像電,1,14,-13,1153000,16049000,-14896000,2026-08-28
2371,大同,20,1,19,0,0,0,2026-08-28
2379,瑞昱,0,0,0,10200000,727000,9473000,2026-08-28
2383,台光電,0,0,0,42025000,12152000,29873000,2026-08-28
2408,南亞科,92,47,45,50070000,26039000,24031000,2026-08-28
2449,京元電子,40,59,-19,10663000,15791000,-5128000,2026-08-28
2454,聯發科,0,0,0,68000,18070000,-18002000,2026-08-28
2464,盟立,0,0,0,2026000,3716000,-1690000,2026-08-28
2467,志聖,0,0,0,15000,3070000,-3055000,2026-08-28
2481,強茂,43,58,-15,6662000,9202000,-2540000,2026-08-28
2491,吉祥全,18,0,18,0,0,0,2026-08-28
2601,益航,1,10,-9,0,0,0,2026-08-28
2609,陽明,87,13,74,4889000,733000,4156000,2026-08-28
2610,華航,304,0,304,6202000,0,6202000,2026-08-28
2618,長榮航,45,0,45,1888000,0,1888000,2026-08-28
2634,漢翔,48,24,24,3278000,1622000,1656000,2026-08-28
2801,彰銀,31,0,31,0,0,0,2026-08-28
2855,統一證,0,65,-65,0,3162000,-3162000,2026-08-28
2883,凱基金,60,10,50,0,0,0,2026-08-28
2886,兆豐金,6,54,-48,289000,2606000,-2317000,2026-08-28
2889,國票金,17,0,17,0,0,0,2026-08-28
2892,第一金,1,27,-26,0,0,0,2026-08-28
3006,晶豪科,0,0,0,2983000,537000,2446000,2026-08-28
3008,大立光,0,0,0,316000,2235000,-1919000,2026-08-28
3017,奇鋐,0,0,0,20000,3556000,-3536000,2026-08-28
3026,禾伸堂,0,0,0,1457000,4864000,-3407000,2026-08-28
3049,精金,25,2,23,0,0,0,2026-08-28
3081,聯亞,0,0,0,17439000,10554000,6885000,2026-08-28
3105,穩懋,192,13,179,86596000,5588000,81008000,2026-08-28
3131,弘塑,0,0,0,4970000,2495000,2475000,2026-08-28
3189,景碩,0,0,0,22675000,15634000,7041000,2026-08-28
3260,威剛,0,0,0,4606000,0,4606000,2026-08-28
3264,欣銓,33,8,25,7815000,1879000,5936000,2026-08-28
3265,台星科,0,20,-20,17000,3680000,-3663000,2026-08-28
3324,雙鴻,0,0,0,57000,4959000,-4902000,2026-08-28
3354,律勝,1,11,-10,0,0,0,2026-08-28
3374,精材,18,28,-10,6732000,10712000,-3980000,2026-08-28
3376,新日興,13,59,-46,2805000,12559000,-9754000,2026-08-28
3406,玉晶光,0,0,0,26325000,28061000,-1736000,2026-08-28
3441,聯一光,47,24,23,6273000,3212000,3061000,2026-08-28
3450,聯鈞,9,19,-10,5573000,11885000,-6312000,2026-08-28
3481,群創,253,233,20,0,0,0,2026-08-28
3491,昇達科,0,0,0,0,4688000,-4688000,2026-08-28
3533,嘉澤,0,0,0,2067000,4562000,-2495000,2026-08-28
3543,州巧,0,10,-10,0,0,0,2026-08-28
3661,世芯-KY,0,0,0,26223000,32130000,-5907000,2026-08-28
3665,貿聯-KY,0,16,-16,22000,36219000,-36197000,2026-08-28
3680,家登,0,0,0,4533000,1506000,3027000,2026-08-28
3693,營邦,53,3,50,30336000,1692000,28644000,2026-08-28
3711,日月光投控,3,26,-23,2100000,16418000,-14318000,2026-08-28
3715,定穎投控,60,3,57,7560000,375000,7185000,2026-08-28
4109,加捷生醫,1,101,-100,0,0,0,2026-08-28
4142,國光生,21,0,21,0,0,0,2026-08-28
4533,協易機,20,0,20,0,0,0,2026-08-28
4720,德淵,59,0,59,0,0,0,2026-08-28
4749,新應材,31,0,31,24631000,0,24631000,2026-08-28
4906,正文,80,61,19,0,0,0,2026-08-28
4915,致伸,20,0,20,0,0,0,2026-08-28
4927,泰鼎-KY,8,40,-32,0,0,0,2026-08-28
4931,新盛力,38,14,24,10456000,3845000,6611000,2026-08-28
4958,臻鼎-KY,24,36,-12,11613000,17457000,-5844000,2026-08-28
4966,譜瑞-KY,0,0,0,2349000,0,2349000,2026-08-28
4979,華星光,0,0,0,30000,3776000,-3746000,2026-08-28
4991,環宇-KY,0,0,0,2716000,53000,2663000,2026-08-28
5289,宜鼎,0,0,0,10736000,1475000,9261000,2026-08-28
5314,世紀*,100,198,-98,3500000,7507000,-4007000,2026-08-28
5425,台半,61,44,17,6190000,4335000,1855000,2026-08-28
6116,彩晶,39,4,35,0,0,0,2026-08-28
6139,亞翔,20,1,19,15586000,781000,14805000,2026-08-28
6147,頎邦,55,25,30,10344000,5011000,5333000,2026-08-28
6173,信昌電,0,0,0,1950000,3954000,-2004000,2026-08-28
6187,萬潤,0,0,0,11121000,8402000,2719000,2026-08-28
6213,聯茂,0,0,0,30705000,23093000,7612000,2026-08-28
6226,光鼎,51,14,37,0,0,0,2026-08-28
6274,台燿,0,0,0,2985000,4562000,-1577000,2026-08-28
6290,良維,47,22,25,11573000,5504000,6069000,2026-08-28
6409,旭隼,0,0,0,3095000,0,3095000,2026-08-28
6584,南俊國際,5,14,-9,3314000,9456000,-6142000,2026-08-28
6605,帝寶,21,0,21,2909000,37000,2872000,2026-08-28
6669,緯穎,0,0,0,72000,3076000,-3004000,2026-08-28
6683,雍智科技,0,0,0,8865000,1190000,7675000,2026-08-28
6693,廣閎科,0,0,0,2160000,183000,1977000,2026-08-28
6805,富世達,0,0,0,11735000,16836000,-5101000,2026-08-28
6869,雲豹能源,0,63,-63,0,4286000,-4286000,2026-08-28
7610,聯友金屬-創,0,0,0,3300000,0,3300000,2026-08-28
7734,印能科技,0,0,0,5975000,2995000,2980000,2026-08-28
7751,竑騰,0,0,0,1954000,54000,1900000,2026-08-28
7777,能率亞洲,19,66,-47,781000,2658000,-1877000,2026-08-28
8021,尖點,101,130,-29,45100000,58446000,-13346000,2026-08-28
8033,雷虎,0,0,0,5469000,2531000,2938000,2026-08-28
8039,台虹,66,128,-62,22654000,44105000,-21451000,2026-08-28
8046,南電,0,0,0,8070000,1695000,6375000,2026-08-28
8097,常珵,0,10,-10,0,0,0,2026-08-28
8299,群聯,0,0,0,214000,3181000,-2967000,2026-08-28
8358,金居,0,0,0,28095000,31260000,-3165000,2026-08-28
8932,智通*,33,1,32,3082000,95000,2987000,2026-08-28
8996,高力,0,0,0,1544000,3790000,-2246000,2026-08-28
9907,統一實,30,0,30,0,0,0,2026-08-28
0050,元大台灣50,38,117,-79,4101000,12629000,-8528000,2026-09-01
0052,富邦科技,1,37,-36,61000,2331000,-2270000,2026-09-01
0056,元大高股息,56,10,46,3081000,568000,2513000,2026-09-01
1101,台泥,20,147,-127,511000,3750000,-3239000,2026-09-01
1102,亞泥,0,31,-31,0,0,0,2026-09-01
1301,台塑,24,59,-35,1636000,4044000,-2408000,2026-09-01
1303,南亞,155,63,92,36897000,14846000,22051000,2026-09-01
1312,國喬,81,61,20,0,0,0,2026-09-01
1314,中石化,0,80,-80,0,0,0,2026-09-01
1326,台化,150,228,-78,11057000,16811000,-5754000,2026-09-01
1409,新纖,187,139,48,0,0,0,2026-09-01
1504,東元,0,30,-30,0,0,0,2026-09-01
1605,華新,8,60,-52,0,0,0,2026-09-01
1717,長興,156,21,135,12973000,1774000,11199000,2026-09-01
1727,中華化,31,7,24,3103000,677000,2426000,2026-09-01
1815,富喬,45,83,-38,5823000,10626000,-4803000,2026-09-01
2049,上銀,0,0,0,3604000,11000,3593000,2026-09-01
2104,國際中橡,50,30,20,0,0,0,2026-09-01
2201,裕隆,3,30,-27,0,0,0,2026-09-01
2301,光寶科,0,0,0,4255000,1807000,2448000,2026-09-01
2303,聯電,138,273,-135,18250000,36587000,-18337000,2026-09-01
2317,鴻海,0,0,0,300000,4597000,-4297000,2026-09-01
2327,國巨*,0,0,0,75756000,81411000,-5655000,2026-09-01
2328,廣宇,40,3,37,1924000,148000,1776000,2026-09-01
2330,台積電,1,26,-25,3258000,62210000,-58952000,2026-09-01
2337,旺宏,20,5,15,2495000,629000,1866000,2026-09-01
2344,華邦電,108,354,-246,19243000,62578000,-43335000,2026-09-01
2345,智邦,0,0,0,14999000,21074000,-6075000,2026-09-01
2354,鴻準,15,40,-25,0,0,0,2026-09-01
2360,致茂,0,0,0,2064000,0,2064000,2026-09-01
2368,金像電,0,0,0,10089000,7584000,2505000,2026-09-01
2377,微星,0,122,-122,15000,18906000,-18891000,2026-09-01
2383,台光電,0,0,0,41217000,28201000,13016000,2026-09-01
2408,南亞科,61,21,40,32143000,10940000,21203000,2026-09-01
2409,友達,48,19,29,0,0,0,2026-09-01
2441,超豐,108,5,103,12879000,601000,12278000,2026-09-01
2454,聯發科,0,0,0,108000,8414000,-8306000,2026-09-01
2455,全新,0,0,0,10130000,14760000,-4630000,2026-09-01
2486,一詮,0,0,0,10797000,8967000,1830000,2026-09-01
2489,瑞軒,56,30,26,0,0,0,2026-09-01
2492,華新科,0,0,0,21072000,19332000,1740000,2026-09-01
2605,新興,2,26,-24,0,0,0,2026-09-01
2606,裕民,22,0,22,1644000,0,1644000,2026-09-01
2609,陽明,17,4,13,0,0,0,2026-09-01
2610,華航,104,0,104,2111000,0,2111000,2026-09-01
2801,彰銀,116,0,116,2904000,0,2904000,2026-09-01
2834,臺企銀,0,33,-33,0,0,0,2026-09-01
2845,遠東銀,0,201,-201,0,2734000,-2734000,2026-09-01
2855,統一證,0,90,-90,0,4484000,-4484000,2026-09-01
2880,華南金,4,60,-56,154000,2524000,-2370000,2026-09-01
2882,國泰金,22,3,19,2431000,343000,2088000,2026-09-01
2883,凱基金,13,53,-40,0,0,0,2026-09-01
2889,國票金,15,0,15,0,0,0,2026-09-01
2897,王道銀行,0,500,-500,0,5250000,-5250000,2026-09-01
3017,奇鋐,0,0,0,7226000,7000,7219000,2026-09-01
3026,禾伸堂,46,35,11,34611000,26526000,8085000,2026-09-01
3035,智原,2,28,-26,363000,5167000,-4804000,2026-09-01
3037,欣興,130,156,-26,124745000,148283000,-23538000,2026-09-01
3081,聯亞,0,0,0,19204000,14475000,4729000,2026-09-01
3086,華義*,16,0,16,0,0,0,2026-09-01
3105,穩懋,0,0,0,25294000,31933000,-6639000,2026-09-01
3189,景碩,0,0,0,19427000,36746000,-17319000,2026-09-01
3264,欣銓,0,0,0,1892000,474000,1418000,2026-09-01
3363,上詮,0,0,0,13416000,17232000,-3816000,2026-09-01
3376,新日興,0,0,0,2188000,428000,1760000,2026-09-01
3406,玉晶光,0,0,0,12365000,18938000,-6573000,2026-09-01
3443,創意,0,0,0,12809000,6303000,6506000,2026-09-01
3481,群創,81,271,-190,3993000,13421000,-9428000,2026-09-01
3490,單井,39,1,38,1794000,45000,1749000,2026-09-01
3491,昇達科,0,0,0,29000,4350000,-4321000,2026-09-01
3653,健策,0,0,0,6055000,53000,6002000,2026-09-01
3661,世芯-KY,0,0,0,25581000,21617000,3964000,2026-09-01
3665,貿聯-KY,0,0,0,18683000,36482000,-17799000,2026-09-01
3680,家登,0,0,0,0,4202000,-4202000,2026-09-01
3693,營邦,0,0,0,640000,4256000,-3616000,2026-09-01
4128,中天,50,30,20,0,0,0,2026-09-01
4716,大立,11,86,-75,0,0,0,2026-09-01
4749,新應材,10,0,10,8255000,0,8255000,2026-09-01
4958,臻鼎-KY,0,0,0,39850000,49774000,-9924000,2026-09-01
4971,IET-KY,0,0,0,1218000,14288000,-13070000,2026-09-01
5269,祥碩,0,0,0,0,2974000,-2974000,2026-09-01
5274,信驊,0,0,0,16000,2850000,-2834000,2026-09-01
5351,鈺創,18,7,11,0,0,0,2026-09-01
6005,群益證,11,0,11,0,0,0,2026-09-01
6147,頎邦,24,60,-36,4394000,10971000,-6577000,2026-09-01
6182,合晶,0,0,0,3802000,6485000,-2683000,2026-09-01
6187,萬潤,0,0,0,4130000,1385000,2745000,2026-09-01
6209,今國光,121,107,14,0,0,0,2026-09-01
6226,光鼎,2,53,-51,0,0,0,2026-09-01
6274,台燿,0,0,0,4643000,3174000,1469000,2026-09-01
6290,良維,20,7,13,5200000,1841000,3359000,2026-09-01
6409,旭隼,0,0,0,5000,3105000,-3100000,2026-09-01
6446,藥華藥,0,0,0,5787000,23970000,-18183000,2026-09-01
6488,環球晶,0,0,0,20606000,30110000,-9504000,2026-09-01
6510,精測,0,0,0,30215000,27140000,3075000,2026-09-01
6515,穎崴,0,0,0,13440000,26848000,-13408000,2026-09-01
6533,晶心科,0,0,0,2187000,536000,1651000,2026-09-01
6605,帝寶,26,0,26,3598000,0,3598000,2026-09-01
6669,緯穎,0,0,0,7726000,269000,7457000,2026-09-01
6693,廣閎科,36,0,36,6568000,0,6568000,2026-09-01
6770,力積電,65,39,26,4683000,2787000,1896000,2026-09-01
6781,AES-KY,0,0,0,2325000,0,2325000,2026-09-01
6789,采鈺,0,0,0,10532000,13423000,-2891000,2026-09-01
6831,邁科,0,0,0,2466000,0,2466000,2026-09-01
6869,雲豹能源,0,231,-231,0,15539000,-15539000,2026-09-01
6962,奕力-KY,13,1,12,0,0,0,2026-09-01
7749,意騰-KY,0,0,0,1512000,0,1512000,2026-09-01
8033,雷虎,0,222,-222,14000,41183000,-41169000,2026-09-01
8039,台虹,92,79,13,29784000,25408000,4376000,2026-09-01
8150,南茂,24,65,-41,2210000,6111000,-3901000,2026-09-01
8299,群聯,31,1,30,67898000,2756000,65142000,2026-09-01
8358,金居,36,25,11,19485000,13190000,6295000,2026-09-01
8996,高力,0,0,0,5841000,3540000,2301000,2026-09-01
0050,元大台灣50,40,16,24,4242000,1743000,2499000,2026-09-02
0052,富邦科技,54,0,54,3370000,0,3370000,2026-09-02
1210,大成,30,0,30,0,0,0,2026-09-02
1229,聯華,25,0,25,0,0,0,2026-09-02
1303,南亞,158,177,-19,38062000,42376000,-4314000,2026-09-02
1312,國喬,20,3,17,0,0,0,2026-09-02
1314,中石化,130,31,99,0,0,0,2026-09-02
1326,台化,31,67,-36,2274000,4874000,-2600000,2026-09-02
1409,新纖,137,164,-27,0,0,0,2026-09-02
1440,南紡,0,20,-20,0,0,0,2026-09-02
1714,和桐,18,2,16,0,0,0,2026-09-02
1717,長興,55,3,52,4492000,248000,4244000,2026-09-02
1727,中華化,0,25,-25,28000,2395000,-2367000,2026-09-02
1815,富喬,223,199,24,29055000,25900000,3155000,2026-09-02
2104,國際中橡,40,20,20,0,0,0,2026-09-02
2301,光寶科,15,59,-44,4621000,18749000,-14128000,2026-09-02
2303,聯電,120,208,-88,15375000,26519000,-11144000,2026-09-02
2308,台達電,0,0,0,27332000,2733000,24599000,2026-09-02
2324,仁寶,54,29,25,0,0,0,2026-09-02
2327,國巨*,31,5,26,16886000,2799000,14087000,2026-09-02
2330,台積電,25,2,23,60719000,4954000,55765000,2026-09-02
2345,智邦,0,0,0,4252000,0,4252000,2026-09-02
2368,金像電,0,0,0,17839000,1585000,16254000,2026-09-02
2376,技嘉,0,0,0,1805000,3707000,-1902000,2026-09-02
2377,微星,2,578,-576,325000,88905000,-88580000,2026-09-02
2383,台光電,0,0,0,27776000,10890000,16886000,2026-09-02
2404,漢唐,0,0,0,3387000,1085000,2302000,2026-09-02
2408,南亞科,41,54,-13,21253000,28055000,-6802000,2026-09-02
2409,友達,326,55,271,8692000,1469000,7223000,2026-09-02
2449,京元電子,17,45,-28,4616000,12343000,-7727000,2026-09-02
2454,聯發科,36,12,24,157374000,52598000,104776000,2026-09-02
2464,盟立,6,18,-12,1174000,3579000,-2405000,2026-09-02
2486,一詮,0,0,0,1184000,3696000,-2512000,2026-09-02
2489,瑞軒,34,51,-17,0,0,0,2026-09-02
2491,吉祥全,26,36,-10,0,0,0,2026-09-02
2492,華新科,0,0,0,1228000,2964000,-1736000,2026-09-02
2547,日勝生,0,51,-51,0,0,0,2026-09-02
2610,華航,335,0,335,6834000,0,6834000,2026-09-02
2801,彰銀,4,16,-12,0,0,0,2026-09-02
2834,臺企銀,1,125,-124,11000,2146000,-2135000,2026-09-02
2880,華南金,3,24,-21,0,0,0,2026-09-02
2883,凱基金,48,63,-15,0,0,0,2026-09-02
2887,台新新光金,0,57,-57,0,2306000,-2306000,2026-09-02
2891,中信金,11,2509,-2498,730000,167110000,-166380000,2026-09-02
2892,第一金,0,13,-13,0,0,0,2026-09-02
3006,晶豪科,0,0,0,849000,3096000,-2247000,2026-09-02
3008,大立光,0,0,0,7989000,150000,7839000,2026-09-02
3017,奇鋐,0,0,0,3834000,10662000,-6828000,2026-09-02
3019,亞光,0,0,0,79000,1453000,-1374000,2026-09-02
3081,聯亞,0,0,0,14686000,17905000,-3219000,2026-09-02
3105,穩懋,64,31,33,30635000,14468000,16167000,2026-09-02
3131,弘塑,0,0,0,0,9663000,-9663000,2026-09-02
3149,正達,6,23,-17,0,0,0,2026-09-02
3167,大量,0,0,0,3200000,7085000,-3885000,2026-09-02
3189,景碩,7,20,-13,6070000,16963000,-10893000,2026-09-02
3231,緯創,61,45,16,11494000,8438000,3056000,2026-09-02
3260,威剛,0,0,0,4184000,829000,3355000,2026-09-02
3324,雙鴻,30,8,22,42960000,11473000,31487000,2026-09-02
3376,新日興,4,206,-202,857000,43034000,-42177000,2026-09-02
3441,聯一光,3,25,-22,406000,3398000,-2992000,2026-09-02
3450,聯鈞,0,0,0,6110000,3072000,3038000,2026-09-02
3455,由田,0,46,-46,0,11952000,-11952000,2026-09-02
3481,群創,140,151,-11,0,0,0,2026-09-02
3515,華擎,2,12,-10,454000,2741000,-2287000,2026-09-02
3529,力旺,0,15,-15,2000,36265000,-36263000,2026-09-02
3532,台勝科,0,0,0,2020000,0,2020000,2026-09-02
3653,健策,0,0,0,5773000,11661000,-5888000,2026-09-02
3661,世芯-KY,0,0,0,21192000,17398000,3794000,2026-09-02
3665,貿聯-KY,0,0,0,13882000,593000,13289000,2026-09-02
3675,德微,0,0,0,14000,1375000,-1361000,2026-09-02
3693,營邦,0,0,0,2834000,4466000,-1632000,2026-09-02
3711,日月光投控,0,0,0,7293000,11482000,-4189000,2026-09-02
4128,中天,40,10,30,0,0,0,2026-09-02
4576,大銀微系統,0,0,0,1568000,2855000,-1287000,2026-09-02
4722,國精化,3,15,-12,606000,3028000,-2422000,2026-09-02
4931,新盛力,3,24,-21,770000,6232000,-5462000,2026-09-02
4958,臻鼎-KY,0,0,0,13246000,8645000,4601000,2026-09-02
4976,佳凌,9,24,-15,0,0,0,2026-09-02
4979,華星光,0,0,0,610000,4343000,-3733000,2026-09-02
4991,環宇-KY,0,0,0,6986000,621000,6365000,2026-09-02
5285,界霖,47,9,38,4148000,778000,3370000,2026-09-02
5289,宜鼎,0,0,0,2851000,717000,2134000,2026-09-02
5483,中美晶,15,0,15,2739000,0,2739000,2026-09-02
5876,上海商銀,13,88,-75,580000,3974000,-3394000,2026-09-02
5880,合庫金,0,14,-14,0,0,0,2026-09-02
6120,達運,0,20,-20,0,0,0,2026-09-02
6139,亞翔,0,0,0,1838000,0,1838000,2026-09-02
6182,合晶,41,13,28,4522000,1440000,3082000,2026-09-02
6213,聯茂,2,18,-16,1137000,9778000,-8641000,2026-09-02
6224,聚鼎,1,16,-15,0,0,0,2026-09-02
6226,光鼎,11,37,-26,0,0,0,2026-09-02
6274,台燿,21,3,18,30182000,4300000,25882000,2026-09-02
6290,良維,20,2,18,5180000,513000,4667000,2026-09-02
6442,光聖,0,0,0,527000,2362000,-1835000,2026-09-02
6446,藥華藥,0,0,0,2631000,0,2631000,2026-09-02
6488,環球晶,0,0,0,7214000,2904000,4310000,2026-09-02
6531,愛普*,0,0,0,0,1878000,-1878000,2026-09-02
6640,均華,0,0,0,0,1355000,-1355000,2026-09-02
6664,群翊,0,0,0,0,1834000,-1834000,2026-09-02
6669,緯穎,0,0,0,13217000,3049000,10168000,2026-09-02
6683,雍智科技,0,0,0,2890000,146000,2744000,2026-09-02
6727,亞泰金屬,0,0,0,5307000,6684000,-1377000,2026-09-02
6789,采鈺,0,0,0,7535000,4468000,3067000,2026-09-02
6805,富世達,0,0,0,107000,2235000,-2128000,2026-09-02
6840,東研信超,23,0,23,2083000,0,2083000,2026-09-02
7711,永擎,0,0,0,6698000,1843000,4855000,2026-09-02
7750,新代,0,0,0,5000,2270000,-2265000,2026-09-02
8039,台虹,0,0,0,12416000,8301000,4115000,2026-09-02
8210,勤誠,0,0,0,1971000,0,1971000,2026-09-02
8299,群聯,0,0,0,6719000,0,6719000,2026-09-02
8358,金居,0,0,0,918000,2663000,-1745000,2026-09-02
8932,智通*,32,2,30,2927000,185000,2742000,2026-09-02
0050,元大台灣50,1,37,-36,85000,3995000,-3910000,2026-09-04
1101,台泥,8,0,8,0,0,0,2026-09-04
1303,南亞,0,0,0,8215000,6678000,1537000,2026-09-04
1312,國喬,12,2,10,0,0,0,2026-09-04
1519,華城,1,17,-16,766000,12768000,-12002000,2026-09-04
1717,長興,43,4,39,3210000,301000,2909000,2026-09-04
1727,中華化,27,77,-50,2587000,7202000,-4615000,2026-09-04
1815,富喬,32,632,-600,3822000,76673000,-72851000,2026-09-04
2104,國際中橡,50,0,50,0,0,0,2026-09-04
2301,光寶科,0,0,0,3114000,6148000,-3034000,2026-09-04
2303,聯電,171,89,82,22118000,11519000,10599000,2026-09-04
2308,台達電,0,0,0,26929000,18042000,8887000,2026-09-04
2313,華通,51,65,-14,12506000,16016000,-3510000,2026-09-04
2317,鴻海,2,33,-31,511000,8354000,-7843000,2026-09-04
2324,仁寶,182,152,30,7555000,6224000,1331000,2026-09-04
2327,國巨*,542,598,-56,294276000,329228000,-34952000,2026-09-04
2330,台積電,0,0,0,5291000,18048000,-12757000,2026-09-04
2332,友訊,2,31,-29,0,0,0,2026-09-04
2345,智邦,0,0,0,4187000,0,4187000,2026-09-04
2352,佳世達,0,33,-33,0,0,0,2026-09-04
2354,鴻準,201,2,199,13193000,130000,13063000,2026-09-04
2356,英業達,3,21,-18,0,0,0,2026-09-04
2357,華碩,0,0,0,423000,5085000,-4662000,2026-09-04
2360,致茂,0,0,0,31332000,15885000,15447000,2026-09-04
2368,金像電,3,40,-37,2672000,42312000,-39640000,2026-09-04
2369,菱生,0,20,-20,0,0,0,2026-09-04
2376,技嘉,0,0,0,3631000,1881000,1750000,2026-09-04
2377,微星,0,0,0,0,1814000,-1814000,2026-09-04
2382,廣達,0,0,0,699000,4174000,-3475000,2026-09-04
2395,研華,0,14,-14,150000,9823000,-9673000,2026-09-04
2404,漢唐,9,0,9,9370000,365000,9005000,2026-09-04
2408,南亞科,53,108,-55,25493000,51975000,-26482000,2026-09-04
2409,友達,72,58,14,0,0,0,2026-09-04
2426,鼎元,130,144,-14,0,0,0,2026-09-04
2438,翔耀,15,1,14,0,0,0,2026-09-04
2449,京元電子,0,0,0,2275000,1046000,1229000,2026-09-04
2454,聯發科,0,0,0,6547000,54547000,-48000000,2026-09-04
2455,全新,97,48,49,50087000,25151000,24936000,2026-09-04
2458,義隆,1,195,-194,93000,25934000,-25841000,2026-09-04
2464,盟立,0,0,0,7967000,10196000,-2229000,2026-09-04
2481,強茂,123,90,33,18887000,13799000,5088000,2026-09-04
2486,一詮,0,0,0,3134000,2031000,1103000,2026-09-04
2511,太子,70,0,70,0,0,0,2026-09-04
2603,長榮,0,0,0,2238000,466000,1772000,2026-09-04
2618,長榮航,10,1,9,0,0,0,2026-09-04
2801,彰銀,101,0,101,2668000,0,2668000,2026-09-04
2855,統一證,0,25,-25,0,0,0,2026-09-04
2880,華南金,11,109,-98,480000,4780000,-4300000,2026-09-04
2883,凱基金,230,4,226,8377000,158000,8219000,2026-09-04
2886,兆豐金,15,2,13,0,0,0,2026-09-04
2892,第一金,0,32,-32,0,0,0,2026-09-04
3006,晶豪科,24,2,22,6489000,544000,5945000,2026-09-04
3017,奇鋐,0,0,0,4025000,17750000,-13725000,2026-09-04
3026,禾伸堂,27,4,23,18544000,2866000,15678000,2026-09-04
3037,欣興,0,0,0,11537000,14597000,-3060000,2026-09-04
3049,精金,11,0,11,0,0,0,2026-09-04
3081,聯亞,0,0,0,10316000,25785000,-15469000,2026-09-04
3094,聯傑,30,58,-28,0,0,0,2026-09-04
3105,穩懋,0,0,0,4899000,10655000,-5756000,2026-09-04
3135,凌航,11,1,10,1897000,173000,1724000,2026-09-04
3141,晶宏,41,30,11,4218000,3071000,1147000,2026-09-04
3231,緯創,61,96,-35,11929000,18803000,-6874000,2026-09-04
3236,千如,2,15,-13,0,0,0,2026-09-04
3260,威剛,0,0,0,3566000,797000,2769000,2026-09-04
3324,雙鴻,0,0,0,422000,5882000,-5460000,2026-09-04
3363,上詮,0,0,0,13820000,9027000,4793000,2026-09-04
3374,精材,0,0,0,2209000,462000,1747000,2026-09-04
3376,新日興,33,3,30,6823000,627000,6196000,2026-09-04
3406,玉晶光,0,0,0,3165000,5584000,-2419000,2026-09-04
3450,聯鈞,0,0,0,567000,4033000,-3466000,2026-09-04
3490,單井,49,79,-30,0,0,0,2026-09-04
3491,昇達科,0,0,0,0,7402000,-7402000,2026-09-04
3529,力旺,0,0,0,302000,2636000,-2334000,2026-09-04
3583,辛耘,0,0,0,3149000,11000,3138000,2026-09-04
3653,健策,0,0,0,11903000,23560000,-11657000,2026-09-04
3661,世芯-KY,0,0,0,8365000,12600000,-4235000,2026-09-04
3689,湧德,9,0,9,0,0,0,2026-09-04
3711,日月光投控,27,15,12,15623000,8897000,6726000,2026-09-04
3714,富采,142,186,-44,9400000,12106000,-2706000,2026-09-04
4510,高鋒,23,3,20,0,0,0,2026-09-04
4526,東台,14,1,13,0,0,0,2026-09-04
4916,事欣科,8,0,8,0,0,0,2026-09-04
4958,臻鼎-KY,0,0,0,5448000,3233000,2215000,2026-09-04
4979,華星光,0,0,0,5733000,8787000,-3054000,2026-09-04
5269,祥碩,0,0,0,1430000,0,1430000,2026-09-04
5274,信驊,0,0,0,52703000,54611000,-1908000,2026-09-04
5289,宜鼎,0,0,0,1500000,0,1500000,2026-09-04
5344,立衛,18,3,15,0,0,0,2026-09-04
5351,鈺創,8,41,-33,898000,4498000,-3600000,2026-09-04
5475,德宏,1,26,-25,190000,4649000,-4459000,2026-09-04
5483,中美晶,0,0,0,398000,2367000,-1969000,2026-09-04
5876,上海商銀,20,102,-82,906000,4695000,-3789000,2026-09-04
6116,彩晶,13,0,13,0,0,0,2026-09-04
6139,亞翔,0,0,0,1270000,36000,1234000,2026-09-04
6141,柏承,1,15,-14,0,0,0,2026-09-04
6147,頎邦,83,69,14,15590000,13029000,2561000,2026-09-04
6173,信昌電,0,0,0,8888000,6998000,1890000,2026-09-04
6182,合晶,8,28,-20,868000,3039000,-2171000,2026-09-04
6185,幃翔,8,0,8,0,0,0,2026-09-04
6213,聯茂,0,0,0,3796000,2562000,1234000,2026-09-04
6271,同欣電,32,48,-16,7297000,11332000,-4035000,2026-09-04
6274,台燿,12,1,11,16108000,1377000,14731000,2026-09-04
6290,良維,0,21,-21,0,5320000,-5320000,2026-09-04
6442,光聖,0,0,0,2118000,17000,2101000,2026-09-04
6446,藥華藥,0,0,0,2873000,1315000,1558000,2026-09-04
6488,環球晶,0,0,0,3826000,9132000,-5306000,2026-09-04
6538,倉和,0,0,0,3462000,1504000,1958000,2026-09-04
6620,漢達,71,12,59,7421000,1289000,6132000,2026-09-04
6667,信紘科,0,0,0,1427000,240000,1187000,2026-09-04
6669,緯穎,0,0,0,276000,10133000,-9857000,2026-09-04
6679,鈺太,12,2,10,2518000,430000,2088000,2026-09-04
6683,雍智科技,0,0,0,1633000,4000,1629000,2026-09-04
6840,東研信超,88,0,88,7946000,0,7946000,2026-09-04
7734,印能科技,0,0,0,0,6155000,-6155000,2026-09-04
7769,鴻勁,0,0,0,17927000,0,17927000,2026-09-04
7777,能率亞洲,8,0,8,0,0,0,2026-09-04
8021,尖點,38,67,-29,15896000,28050000,-12154000,2026-09-04
8039,台虹,49,40,9,15038000,12269000,2769000,2026-09-04
8069,元太,1,16,-15,75000,2408000,-2333000,2026-09-04
8076,伍豐,10,0,10,0,0,0,2026-09-04
8103,瀚荃,11,1,10,1375000,126000,1249000,2026-09-04
8261,富鼎,0,0,0,1625000,201000,1424000,2026-09-04
8299,群聯,2,37,-35,4200000,72208000,-68008000,2026-09-04
8488,吉源-KY,0,21,-21,0,0,0,2026-09-04
8996,高力,0,0,0,1200000,3755000,-2555000,2026-09-04
9105,泰金寶-DR,0,20,-20,0,0,0,2026-09-04
9907,統一實,45,0,45,0,0,0,2026-09-04
0050,元大台灣50,110,49,61,11973000,5419000,6554000,2026-09-07
0052,富邦科技,0,11,-11,0,0,0,2026-09-07
0056,元大高股息,1,14,-13,0,0,0,2026-09-07
1101,台泥,14,0,14,0,0,0,2026-09-07
1229,聯華,12,0,12,0,0,0,2026-09-07
1303,南亞,78,95,-17,18154000,22228000,-4074000,2026-09-07
1312,國喬,10,0,10,0,0,0,2026-09-07
1314,中石化,23,0,23,0,0,0,2026-09-07
1506,正道,20,3,17,0,0,0,2026-09-07
1721,國慶科技,0,11,-11,0,0,0,2026-09-07
1815,富喬,211,161,50,26855000,20518000,6337000,2026-09-07
1905,華紙,1,56,-55,0,0,0,2026-09-07
2049,上銀,2,36,-34,749000,13511000,-12762000,2026-09-07
2201,裕隆,14,0,14,0,0,0,2026-09-07
2301,光寶科,22,5,17,6522000,1534000,4988000,2026-09-07
2303,聯電,262,283,-21,37093000,39680000,-2587000,2026-09-07
2308,台達電,0,0,0,2843000,8583000,-5740000,2026-09-07
2313,華通,72,24,48,17641000,5859000,11782000,2026-09-07
2323,中環,10,0,10,0,0,0,2026-09-07
2324,仁寶,186,168,18,0,0,0,2026-09-07
2327,國巨*,380,370,10,223435000,218604000,4831000,2026-09-07
2330,台積電,2,83,-81,4311000,202599000,-198288000,2026-09-07
2337,旺宏,3,36,-33,374000,4420000,-4046000,2026-09-07
2344,華邦電,50,90,-40,9046000,16289000,-7243000,2026-09-07
2345,智邦,0,0,0,2143000,4240000,-2097000,2026-09-07
2352,佳世達,13,3,10,0,0,0,2026-09-07
2353,§»ùÖ,53,2,51,1718000,64000,1654000,2026-09-07
2359,所羅門,0,0,0,2138000,999000,1139000,2026-09-07
2360,致茂,0,0,0,0,2285000,-2285000,2026-09-07
2368,金像電,0,0,0,1127000,5285000,-4158000,2026-09-07
2376,技嘉,0,0,0,3287000,402000,2885000,2026-09-07
2383,台光電,0,0,0,21833000,70944000,-49111000,2026-09-07
2395,研華,0,0,0,6255000,0,6255000,2026-09-07
2404,漢唐,0,18,-18,0,19420000,-19420000,2026-09-07
2408,南亞科,76,95,-19,39045000,49389000,-10344000,2026-09-07
2409,友達,102,331,-229,2922000,9519000,-6597000,2026-09-07
2426,鼎元,139,111,28,14229000,11383000,2846000,2026-09-07
2436,偉詮電,4,16,-12,0,0,0,2026-09-07
2454,聯發科,0,0,0,45313000,90551000,-45238000,2026-09-07
2481,強茂,70,106,-36,11312000,17157000,-5845000,2026-09-07
2492,華新科,30,67,-37,9610000,21447000,-11837000,2026-09-07
2610,華航,300,0,300,6107000,0,6107000,2026-09-07
2855,統一證,0,19,-19,0,0,0,2026-09-07
2883,凱基金,20,3,17,0,0,0,2026-09-07
2887,台新新光金,61,1,60,2505000,41000,2464000,2026-09-07
2892,第一金,12,100,-88,447000,3715000,-3268000,2026-09-07
2897,王道銀行,388,0,388,4172000,0,4172000,2026-09-07
2915,潤泰全,10,0,10,0,0,0,2026-09-07
3006,晶豪科,3,22,-19,894000,6587000,-5693000,2026-09-07
3008,大立光,0,0,0,38141000,2396000,35745000,2026-09-07
3017,奇鋐,0,0,0,7296000,0,7296000,2026-09-07
3021,鴻名,10,0,10,0,0,0,2026-09-07
3026,禾伸堂,0,27,-27,0,20817000,-20817000,2026-09-07
3037,欣興,0,0,0,10478000,8693000,1785000,2026-09-07
3044,健鼎,0,0,0,15000,1481000,-1466000,2026-09-07
3081,聯亞,18,4,14,55660000,12333000,43327000,2026-09-07
3094,聯傑,233,207,26,10870000,9588000,1282000,2026-09-07
3131,弘塑,0,0,0,2555000,10257000,-7702000,2026-09-07
3135,凌航,0,0,0,1735000,175000,1560000,2026-09-07
3163,波若威,17,6,11,13217000,4334000,8883000,2026-09-07
3189,景碩,0,0,0,11924000,10580000,1344000,2026-09-07
3231,緯創,311,14,297,61955000,2739000,59216000,2026-09-07
3260,威剛,2,23,-21,825000,9599000,-8774000,2026-09-07
3324,雙鴻,0,0,0,1557000,72000,1485000,2026-09-07
3363,上詮,0,0,0,1197000,5079000,-3882000,2026-09-07
3374,精材,0,0,0,234000,3969000,-3735000,2026-09-07
3406,玉晶光,0,0,0,2067000,5000,2062000,2026-09-07
3441,聯一光,0,0,0,3916000,2533000,1383000,2026-09-07
3455,由田,0,0,0,1175000,0,1175000,2026-09-07
3490,單井,15,36,-21,0,0,0,2026-09-07
3515,華擎,0,11,-11,0,2540000,-2540000,2026-09-07
3518,柏騰,12,2,10,0,0,0,2026-09-07
3529,力旺,0,0,0,43000,2951000,-2908000,2026-09-07
3583,辛耘,0,0,0,0,2443000,-2443000,2026-09-07
3653,健策,0,0,0,5952000,239000,5713000,2026-09-07
3680,家登,0,0,0,3169000,0,3169000,2026-09-07
3702,大聯大,1,793,-792,107000,83330000,-83223000,2026-09-07
3711,日月光投控,2,33,-31,1338000,20506000,-19168000,2026-09-07
4510,高鋒,46,9,37,2108000,410000,1698000,2026-09-07
4583,台灣精銳,0,0,0,1874000,0,1874000,2026-09-07
4743,合一,31,46,-15,0,0,0,2026-09-07
4934,太極,20,0,20,0,0,0,2026-09-07
4939,亞電,36,15,21,3332000,1399000,1933000,2026-09-07
4958,臻鼎-KY,0,0,0,3695000,5760000,-2065000,2026-09-07
4979,華星光,0,0,0,3689000,706000,2983000,2026-09-07
5536,聖暉*,0,0,0,4295000,1753000,2542000,2026-09-07
5608,四維航,0,28,-28,0,0,0,2026-09-07
5876,上海商銀,20,150,-130,930000,6999000,-6069000,2026-09-07
6142,友勁,10,0,10,0,0,0,2026-09-07
6147,頎邦,28,43,-15,5314000,8167000,-2853000,2026-09-07
6173,信昌電,0,0,0,11726000,13142000,-1416000,2026-09-07
6213,聯茂,14,2,12,7122000,1033000,6089000,2026-09-07
6239,力成,0,0,0,6000,1449000,-1443000,2026-09-07
6290,良維,20,2,18,5367000,548000,4819000,2026-09-07
6409,旭隼,0,0,0,111000,1573000,-1462000,2026-09-07
6426,統新,0,0,0,294000,3263000,-2969000,2026-09-07
6442,光聖,0,0,0,1728000,123000,1605000,2026-09-07
6449,鈺邦,0,0,0,1196000,0,1196000,2026-09-07
6620,漢達,55,21,34,6254000,2441000,3813000,2026-09-07
6667,信紘科,0,0,0,6629000,5348000,1281000,2026-09-07
6669,緯穎,0,0,0,22231000,2578000,19653000,2026-09-07
6679,鈺太,0,12,-12,0,2498000,-2498000,2026-09-07
6683,雍智科技,0,0,0,0,1711000,-1711000,2026-09-07
6770,力積電,127,292,-165,9086000,21186000,-12100000,2026-09-07
6805,富世達,0,0,0,2254000,0,2254000,2026-09-07
6829,千附精密,0,0,0,263000,2084000,-1821000,2026-09-07
7711,永擎,0,0,0,3227000,0,3227000,2026-09-07
8021,尖點,0,0,0,1365000,5217000,-3852000,2026-09-07
8033,雷虎,20,6,14,3533000,1053000,2480000,2026-09-07
8039,台虹,38,17,21,12126000,5603000,6523000,2026-09-07
8261,富鼎,0,0,0,928000,2746000,-1818000,2026-09-07
8299,群聯,52,2,50,109110000,5212000,103898000,2026-09-07
8932,智通*,32,61,-29,2957000,5674000,-2717000,2026-09-07
8996,高力,0,0,0,5703000,2455000,3248000,2026-09-07
9907,統一實,138,0,138,2093000,0,2093000,2026-09-07
0050,元大台灣50,300,29,271,33000000,3196000,29804000,2026-09-08
0056,元大高股息,7,44,-37,400000,2452000,-2052000,2026-09-08
1101,台泥,31,4,27,0,0,0,2026-09-08
1229,聯華,90,0,90,3761000,0,3761000,2026-09-08
1303,南亞,41,53,-12,9653000,12470000,-2817000,2026-09-08
1312,國喬,0,10,-10,0,0,0,2026-09-08
1314,中石化,0,20,-20,0,0,0,2026-09-08
1465,偉全,7,35,-28,0,0,0,2026-09-08
1815,富喬,215,323,-108,28801000,42989000,-14188000,2026-09-08
2049,上銀,0,0,0,3207000,0,3207000,2026-09-08
2059,川湖,0,0,0,2428000,156000,2272000,2026-09-08
2201,裕隆,112,0,112,3441000,0,3441000,2026-09-08
2303,聯電,243,64,179,33936000,8854000,25082000,2026-09-08
2308,台達電,0,0,0,25634000,7453000,18181000,2026-09-08
2312,金寶,37,0,37,0,0,0,2026-09-08
2313,華通,76,95,-19,17611000,22111000,-4500000,2026-09-08
2317,鴻海,21,0,21,5189000,0,5189000,2026-09-08
2327,國巨*,0,0,0,12994000,14335000,-1341000,2026-09-08
2330,台積電,17,107,-90,41626000,266182000,-224556000,2026-09-08
2344,華邦電,631,694,-63,120122000,131894000,-11772000,2026-09-08
2345,智邦,0,0,0,22675000,7985000,14690000,2026-09-08
2356,英業達,27,4,23,0,0,0,2026-09-08
2359,所羅門,21,1,20,2882000,136000,2746000,2026-09-08
2360,致茂,0,0,0,273000,15971000,-15698000,2026-09-08
2369,菱生,21,1,20,0,0,0,2026-09-08
2376,技嘉,0,0,0,3568000,54000,3514000,2026-09-08
2377,微星,18,0,18,2767000,15000,2752000,2026-09-08
2379,瑞昱,2,40,-38,1435000,28760000,-27325000,2026-09-08
2382,廣達,23,1,22,7583000,330000,7253000,2026-09-08
2408,南亞科,239,128,111,126985000,68341000,58644000,2026-09-08
2409,友達,255,273,-18,0,0,0,2026-09-08
2426,鼎元,152,133,19,0,0,0,2026-09-08
2441,超豐,4,101,-97,461000,12115000,-11654000,2026-09-08
2449,京元電子,0,0,0,3925000,1400000,2525000,2026-09-08
2451,創見,20,0,20,5821000,0,5821000,2026-09-08
2454,聯發科,0,0,0,10337000,1975000,8362000,2026-09-08
2455,全新,0,0,0,5319000,1048000,4271000,2026-09-08
2467,志聖,0,0,0,5013000,22000,4991000,2026-09-08
2492,華新科,0,0,0,5365000,2010000,3355000,2026-09-08
2610,華航,0,799,-799,0,16419000,-16419000,2026-09-08
2615,萬海,21,1,20,2373000,112000,2261000,2026-09-08
2801,彰銀,1,19,-18,0,0,0,2026-09-08
2812,台中銀,30,0,30,0,0,0,2026-09-08
2834,臺企銀,1,12,-11,0,0,0,2026-09-08
2880,華南金,157,183,-26,6997000,8191000,-1194000,2026-09-08
2883,凱基金,74,1,73,2782000,40000,2742000,2026-09-08
2884,玉山金,41,72,-31,1856000,3257000,-1401000,2026-09-08
2885,元大金,1,28,-27,70000,1978000,-1908000,2026-09-08
2887,台新新光金,1,35,-34,45000,1509000,-1464000,2026-09-08
2890,永豐金,3,19,-16,0,0,0,2026-09-08
2892,第一金,0,12,-12,0,0,0,2026-09-08
2897,王道銀行,0,388,-388,0,4210000,-4210000,2026-09-08
3005,神基,82,0,82,9225000,0,9225000,2026-09-08
3006,晶豪科,0,0,0,3855000,885000,2970000,2026-09-08
3008,大立光,0,0,0,11166000,1504000,9662000,2026-09-08
3026,禾伸堂,0,0,0,22067000,23344000,-1277000,2026-09-08
3094,聯傑,40,58,-18,0,0,0,2026-09-08
3167,大量,0,0,0,14279000,19655000,-5376000,2026-09-08
3189,景碩,0,0,0,11224000,16870000,-5646000,2026-09-08
3231,緯創,124,21,103,22887000,3919000,18968000,2026-09-08
3264,欣銓,53,33,20,12261000,7438000,4823000,2026-09-08
3324,雙鴻,0,0,0,13276000,1310000,11966000,2026-09-08
3374,精材,28,2,26,13267000,717000,12550000,2026-09-08
3450,聯鈞,0,0,0,2972000,594000,2378000,2026-09-08
3481,群創,917,653,264,45668000,32356000,13312000,2026-09-08
3490,單井,73,15,58,3306000,684000,2622000,2026-09-08
3529,力旺,0,0,0,17000,5802000,-5785000,2026-09-08
3532,台勝科,0,0,0,27080000,28233000,-1153000,2026-09-08
3653,健策,0,0,0,5528000,17900000,-12372000,2026-09-08
3661,世芯-KY,0,0,0,8369000,446000,7923000,2026-09-08
3665,貿聯-KY,0,0,0,5327000,11970000,-6643000,2026-09-08
3693,營邦,0,0,0,666000,3635000,-2969000,2026-09-08
3711,日月光投控,0,0,0,7073000,3170000,3903000,2026-09-08
3714,富采,21,2,19,0,0,0,2026-09-08
3715,定穎投控,7,73,-66,898000,9298000,-8400000,2026-09-08
4109,加捷生醫,0,10,-10,0,0,0,2026-09-08
4510,高鋒,22,3,19,0,0,0,2026-09-08
4743,合一,5,145,-140,229000,6770000,-6541000,2026-09-08
4749,新應材,0,0,0,8011000,0,8011000,2026-09-08
5314,世紀*,30,4,26,0,0,0,2026-09-08
5351,鈺創,10,77,-67,1196000,9316000,-8120000,2026-09-08
5483,中美晶,0,0,0,2747000,0,2747000,2026-09-08
5512,力麒,510,10,500,3937000,78000,3859000,2026-09-08
5536,聖暉*,0,0,0,850000,4245000,-3395000,2026-09-08
5609,中菲行,0,10,-10,0,0,0,2026-09-08
5876,上海商銀,0,157,-157,0,7487000,-7487000,2026-09-08
6016,康和證,17,0,17,0,0,0,2026-09-08
6187,萬潤,1,17,-16,1370000,24073000,-22703000,2026-09-08
6207,雷科,124,144,-20,14711000,16839000,-2128000,2026-09-08
6213,聯茂,7,17,-10,3634000,9023000,-5389000,2026-09-08
6409,旭隼,0,0,0,2913000,0,2913000,2026-09-08
6446,藥華藥,0,0,0,63000,4522000,-4459000,2026-09-08
6488,環球晶,0,0,0,6065000,2975000,3090000,2026-09-08
6515,穎崴,0,0,0,15626000,30713000,-15087000,2026-09-08
6620,漢達,21,129,-108,2604000,15984000,-13380000,2026-09-08
6669,緯穎,0,0,0,14461000,17059000,-2598000,2026-09-08
6683,雍智科技,1,41,-40,1415000,57624000,-56209000,2026-09-08
6693,廣閎科,0,22,-22,9000,3933000,-3924000,2026-09-08
6919,康霈*,84,9,75,6903000,742000,6161000,2026-09-08
6949,沛爾生醫*-創,4,130,-126,242000,7852000,-7610000,2026-09-08
7709,榮田,31,2,29,2889000,180000,2709000,2026-09-08
8021,尖點,0,0,0,5018000,2228000,2790000,2026-09-08
8027,鈦昇,0,0,0,542000,2190000,-1648000,2026-09-08
8039,台虹,39,52,-13,11802000,15937000,-4135000,2026-09-08
8064,東捷,0,10,-10,0,1346000,-1346000,2026-09-08
8112,至上,53,3,50,4769000,270000,4499000,2026-09-08
8227,巨有科技,0,0,0,0,1177000,-1177000,2026-09-08
8271,宇瞻,22,4,18,4884000,903000,3981000,2026-09-08
8299,群聯,0,0,0,2272000,6415000,-4143000,2026-09-08
8431,匯鑽科,40,2,38,2616000,131000,2485000,2026-09-08
9946,三發地產,20,0,20,0,0,0,2026-09-08
0050,元大台灣50,45,118,-73,4938000,13050000,-8112000,2026-09-09
1210,大成,50,1,49,2625000,52000,2573000,2026-09-09
1312,國喬,0,11,-11,0,0,0,2026-09-09
1314,中石化,30,1,29,0,0,0,2026-09-09
1409,新纖,39,81,-42,0,0,0,2026-09-09
1513,中興電,0,0,0,0,1502000,-1502000,2026-09-09
1710,東聯,0,47,-47,0,0,0,2026-09-09
1722,台肥,32,0,32,1419000,0,1419000,2026-09-09
1815,富喬,106,73,33,13786000,9429000,4357000,2026-09-09
2002,中鋼,5,108,-103,95000,2056000,-1961000,2026-09-09
2049,上銀,0,0,0,750000,3826000,-3076000,2026-09-09
2104,國際中橡,0,140,-140,0,0,0,2026-09-09
2208,台船,0,36,-36,0,0,0,2026-09-09
2301,光寶科,0,0,0,1208000,3569000,-2361000,2026-09-09
2303,聯電,201,228,-27,28317000,32303000,-3986000,2026-09-09
2308,台達電,0,0,0,9831000,27929000,-18098000,2026-09-09
2317,鴻海,24,7,17,5943000,1773000,4170000,2026-09-09
2327,國巨*,0,0,0,188984000,184993000,3991000,2026-09-09
2330,台積電,0,0,0,14433000,7005000,7428000,2026-09-09
2337,旺宏,74,85,-11,9381000,10899000,-1518000,2026-09-09
2344,華邦電,169,137,32,31316000,25190000,6126000,2026-09-09
2345,智邦,0,0,0,199000,10175000,-9976000,2026-09-09
2357,華碩,0,0,0,0,1954000,-1954000,2026-09-09
2360,致茂,0,0,0,37000,9861000,-9824000,2026-09-09
2377,微星,0,15,-15,0,2361000,-2361000,2026-09-09
2379,瑞昱,2,98,-96,1509000,70559000,-69050000,2026-09-09
2382,廣達,1,25,-24,341000,8518000,-8177000,2026-09-09
2408,南亞科,190,160,30,100891000,84616000,16275000,2026-09-09
2409,友達,796,695,101,24537000,21672000,2865000,2026-09-09
2413,環科,41,23,18,0,0,0,2026-09-09
2426,鼎元,208,228,-20,21015000,23109000,-2094000,2026-09-09
2449,京元電子,16,3,13,4346000,844000,3502000,2026-09-09
2454,聯發科,0,0,0,10900000,5799000,5101000,2026-09-09
2481,強茂,52,40,12,8066000,6162000,1904000,2026-09-09
2492,華新科,0,0,0,68459000,66078000,2381000,2026-09-09
2605,新興,13,3,10,0,0,0,2026-09-09
2606,裕民,0,16,-16,0,0,0,2026-09-09
2609,陽明,3,61,-58,172000,3562000,-3390000,2026-09-09
2618,長榮航,0,12,-12,0,0,0,2026-09-09
2801,彰銀,1,15,-14,0,0,0,2026-09-09
2836,高雄銀,0,96,-96,0,0,0,2026-09-09
2855,統一證,0,94,-94,0,4897000,-4897000,2026-09-09
2880,華南金,75,31,44,3321000,1385000,1936000,2026-09-09
2883,凱基金,71,61,10,0,0,0,2026-09-09
2884,玉山金,35,1,34,1557000,44000,1513000,2026-09-09
2892,第一金,150,18,132,5625000,683000,4942000,2026-09-09
3006,晶豪科,0,0,0,970000,4255000,-3285000,2026-09-09
3017,奇鋐,0,0,0,2028000,10000,2018000,2026-09-09
3026,禾伸堂,77,65,12,59051000,50037000,9014000,2026-09-09
3033,威健,109,1,108,4556000,42000,4514000,2026-09-09
3044,健鼎,0,0,0,25019000,21760000,3259000,2026-09-09
3081,聯亞,5,19,-14,13553000,59217000,-45664000,2026-09-09
3105,穩懋,0,0,0,9885000,7082000,2803000,2026-09-09
3131,弘塑,0,0,0,5138000,2671000,2467000,2026-09-09
3167,大量,0,0,0,9141000,3591000,5550000,2026-09-09
3189,景碩,19,4,15,15689000,3495000,12194000,2026-09-09
3231,緯創,9,24,-15,1773000,4460000,-2687000,2026-09-09
3260,威剛,0,0,0,2552000,6555000,-4003000,2026-09-09
3324,雙鴻,0,11,-11,0,15213000,-15213000,2026-09-09
3363,上詮,0,0,0,7991000,4303000,3688000,2026-09-09
3374,精材,25,1,24,12122000,486000,11636000,2026-09-09
3406,玉晶光,0,0,0,4170000,1426000,2744000,2026-09-09
3481,群創,1144,1387,-243,58142000,70149000,-12007000,2026-09-09
3490,單井,18,0,18,0,0,0,2026-09-09
3491,昇達科,0,0,0,1715000,30000,1685000,2026-09-09
3529,力旺,11,2,9,30844000,5655000,25189000,2026-09-09
3532,台勝科,0,0,0,22550000,25337000,-2787000,2026-09-09
3653,健策,0,0,0,34360000,17583000,16777000,2026-09-09
3661,世芯-KY,0,0,0,10056000,11730000,-1674000,2026-09-09
3675,德微,0,0,0,1632000,0,1632000,2026-09-09
3706,神達,30,2,28,2461000,164000,2297000,2026-09-09
3707,漢磊,0,11,-11,0,0,0,2026-09-09
3711,日月光投控,4,17,-13,2583000,10892000,-8309000,2026-09-09
4109,加捷生醫,0,45,-45,0,0,0,2026-09-09
4188,安克,0,21,-21,0,0,0,2026-09-09
4529,淳紳,0,33,-33,0,0,0,2026-09-09
4720,德淵,24,0,24,0,0,0,2026-09-09
4743,合一,119,3,116,5492000,138000,5354000,2026-09-09
4908,前鼎,13,0,13,3105000,0,3105000,2026-09-09
4967,十銓,0,0,0,0,1707000,-1707000,2026-09-09
4974,亞泰,10,0,10,0,0,0,2026-09-09
4979,華星光,0,0,0,13628000,9496000,4132000,2026-09-09
5269,祥碩,0,0,0,42000,2770000,-2728000,2026-09-09
5289,宜鼎,0,0,0,4238000,1355000,2883000,2026-09-09
5347,世界,8,19,-11,1273000,3012000,-1739000,2026-09-09
5443,均豪,11,3,8,0,0,0,2026-09-09
5876,上海商銀,23,5,18,0,0,0,2026-09-09
5905,南仁湖,10,0,10,0,0,0,2026-09-09
6173,信昌電,0,0,0,27664000,26333000,1331000,2026-09-09
6179,亞通,5,31,-26,0,0,0,2026-09-09
6187,萬潤,0,0,0,4165000,1851000,2314000,2026-09-09
6196,帆宣,0,0,0,1095000,4723000,-3628000,2026-09-09
6207,雷科,10,44,-34,1155000,5063000,-3908000,2026-09-09
6223,旺矽,0,0,0,11366000,207000,11159000,2026-09-09
6226,光鼎,54,38,16,0,0,0,2026-09-09
6274,台燿,17,6,11,22527000,8083000,14444000,2026-09-09
6290,良維,0,21,-21,55000,5884000,-5829000,2026-09-09
6409,旭隼,0,0,0,56000,1955000,-1899000,2026-09-09
6442,光聖,0,0,0,10576000,14878000,-4302000,2026-09-09
6446,藥華藥,0,0,0,4205000,42000,4163000,2026-09-09
6488,環球晶,0,0,0,5811000,10000,5801000,2026-09-09
6505,台塑化,13,24,-11,0,0,0,2026-09-09
6510,精測,0,0,0,3599000,78000,3521000,2026-09-09
6515,穎崴,0,0,0,22943000,7353000,15590000,2026-09-09
6546,正基,10,0,10,0,0,0,2026-09-09
6584,南俊國際,0,0,0,1000,2363000,-2362000,2026-09-09
6669,緯穎,0,0,0,564000,18817000,-18253000,2026-09-09
6805,富世達,0,0,0,4564000,2734000,1830000,2026-09-09
6890,來億-KY,10,0,10,1570000,0,1570000,2026-09-09
6919,康霈*,14,67,-53,1161000,5511000,-4350000,2026-09-09
7711,永擎,8,20,-12,4741000,12327000,-7586000,2026-09-09
7717,萊德光電-KY,0,0,0,4892000,3420000,1472000,2026-09-09
7751,竑騰,0,0,0,1610000,0,1610000,2026-09-09
7769,鴻勁,0,0,0,549000,7950000,-7401000,2026-09-09
8046,南電,0,0,0,1258000,3770000,-2512000,2026-09-09
8150,南茂,15,36,-21,1388000,3360000,-1972000,2026-09-09
8227,巨有科技,0,0,0,940000,3006000,-2066000,2026-09-09
8234,新漢,1,12,-11,0,0,0,2026-09-09
8299,群聯,0,0,0,4235000,6260000,-2025000,2026-09-09
8932,智通*,13,2,11,0,0,0,2026-09-09
8996,高力,0,0,0,310000,3186000,-2876000,2026-09-09
0050,元大台灣50,68,10,58,7418000,1086000,6332000,2026-09-10
0056,元大高股息,103,0,103,5751000,0,5751000,2026-09-10
1301,台塑,29,7,22,1902000,460000,1442000,2026-09-10
1303,南亞,59,68,-9,13963000,16166000,-2203000,2026-09-10
1312,國喬,73,104,-31,0,0,0,2026-09-10
1314,中石化,48,0,48,0,0,0,2026-09-10
1319,東陽,0,20,-20,0,1562000,-1562000,2026-09-10
1409,新纖,33,5,28,0,0,0,2026-09-10
1503,士電,0,0,0,1643000,0,1643000,2026-09-10
1717,長興,43,30,13,0,0,0,2026-09-10
1802,台玻,3,19,-16,197000,1136000,-939000,2026-09-10
2102,泰豐,0,12,-12,0,0,0,2026-09-10
2236,百達-KY,0,10,-10,0,1260000,-1260000,2026-09-10
2301,光寶科,17,6,11,4984000,1742000,3242000,2026-09-10
2303,聯電,1022,297,725,147951000,42850000,105101000,2026-09-10
2305,全友,11,40,-29,408000,1545000,-1137000,2026-09-10
2308,台達電,24,10,14,41354000,16187000,25167000,2026-09-10
2313,華通,0,0,0,2073000,675000,1398000,2026-09-10
2317,鴻海,18,6,12,4573000,1556000,3017000,2026-09-10
2324,仁寶,325,15,310,12486000,578000,11908000,2026-09-10
2327,國巨*,413,394,19,235561000,227617000,7944000,2026-09-10
2330,台積電,43,4,39,106021000,8662000,97359000,2026-09-10
2337,旺宏,16,4,12,2010000,491000,1519000,2026-09-10
2344,華邦電,45,26,19,8051000,4704000,3347000,2026-09-10
2345,智邦,0,0,0,7954000,0,7954000,2026-09-10
2354,鴻準,0,189,-189,0,12078000,-12078000,2026-09-10
2360,致茂,0,0,0,2403000,4376000,-1973000,2026-09-10
2368,金像電,0,0,0,5491000,2090000,3401000,2026-09-10
2371,大同,0,20,-20,0,0,0,2026-09-10
2379,瑞昱,0,0,0,1393000,0,1393000,2026-09-10
2382,廣達,16,3,13,5351000,1007000,4344000,2026-09-10
2401,凌陽,0,20,-20,0,0,0,2026-09-10
2404,漢唐,0,0,0,1087000,2105000,-1018000,2026-09-10
2408,南亞科,0,0,0,11621000,12867000,-1246000,2026-09-10
2409,友達,286,544,-258,8672000,16218000,-7546000,2026-09-10
2413,環科,73,80,-7,0,0,0,2026-09-10
2426,鼎元,96,57,39,9323000,5503000,3820000,2026-09-10
2449,京元電子,0,0,0,2270000,2998000,-728000,2026-09-10
2454,聯發科,0,0,0,5765000,20774000,-15009000,2026-09-10
2492,華新科,127,27,100,39872000,8739000,31133000,2026-09-10
2511,太子,29,0,29,0,0,0,2026-09-10
2601,益航,0,30,-30,0,0,0,2026-09-10
2605,新興,10,22,-12,0,0,0,2026-09-10
2609,陽明,5,14,-9,0,0,0,2026-09-10
2615,萬海,12,1,11,1339000,144000,1195000,2026-09-10
2618,長榮航,1,8,-7,0,0,0,2026-09-10
2637,慧洋-KY,0,11,-11,0,1137000,-1137000,2026-09-10
2801,彰銀,22,0,22,0,0,0,2026-09-10
2812,台中銀,0,5,-5,0,0,0,2026-09-10
2887,台新新光金,22,2,20,0,0,0,2026-09-10
2903,遠百,20,0,20,0,0,0,2026-09-10
3006,晶豪科,0,0,0,5591000,4385000,1206000,2026-09-10
3017,奇鋐,0,0,0,21970000,20738000,1232000,2026-09-10
3034,聯詠,0,0,0,22000,581000,-559000,2026-09-10
3037,欣興,0,0,0,29048000,30736000,-1688000,2026-09-10
3105,穩懋,68,3,65,31171000,1374000,29797000,2026-09-10
3131,弘塑,0,0,0,4925000,2460000,2465000,2026-09-10
3141,晶宏,0,9,-9,0,840000,-840000,2026-09-10
3163,波若威,0,0,0,708000,1436000,-728000,2026-09-10
3167,大量,0,0,0,9806000,2575000,7231000,2026-09-10
3231,緯創,84,42,42,15685000,7828000,7857000,2026-09-10
3260,威剛,0,0,0,1791000,0,1791000,2026-09-10
3293,鈊象,0,0,0,717000,2112000,-1395000,2026-09-10
3324,雙鴻,0,0,0,1296000,0,1296000,2026-09-10
3363,上詮,0,0,0,0,723000,-723000,2026-09-10
3374,精材,20,5,15,9672000,2469000,7203000,2026-09-10
3376,新日興,21,10,11,3934000,1900000,2034000,2026-09-10
3443,創意,0,0,0,74000,6660000,-6586000,2026-09-10
3481,群創,36,8,28,1750000,394000,1356000,2026-09-10
3491,昇達科,0,0,0,1409000,0,1409000,2026-09-10
3529,力旺,0,0,0,16852000,2793000,14059000,2026-09-10
3533,嘉澤,0,0,0,84000,793000,-709000,2026-09-10
3653,健策,0,0,0,0,28885000,-28885000,2026-09-10
3661,世芯-KY,0,0,0,4316000,5866000,-1550000,2026-09-10
3680,家登,0,0,0,3289000,3917000,-628000,2026-09-10
3693,營邦,0,0,0,5608000,700000,4908000,2026-09-10
3711,日月光投控,0,6,-6,42000,3984000,-3942000,2026-09-10
3715,定穎投控,35,0,35,4510000,0,4510000,2026-09-10
4760,勤凱,0,0,0,2139000,0,2139000,2026-09-10
4908,前鼎,21,32,-11,5444000,8180000,-2736000,2026-09-10
4924,欣厚-KY,5,12,-7,0,0,0,2026-09-10
4938,和碩,10,0,10,0,0,0,2026-09-10
4939,亞電,41,48,-7,0,0,0,2026-09-10
4974,亞泰,0,10,-10,0,722000,-722000,2026-09-10
5347,世界,9,16,-7,1453000,2480000,-1027000,2026-09-10
5386,青雲,1,9,-8,310000,2794000,-2484000,2026-09-10
5521,工信,0,25,-25,0,0,0,2026-09-10
6147,頎邦,31,13,18,6080000,2554000,3526000,2026-09-10
6173,信昌電,11,24,-13,3091000,6493000,-3402000,2026-09-10
6209,今國光,14,1,13,0,0,0,2026-09-10
6217,中探針,0,0,0,1227000,18000,1209000,2026-09-10
6224,聚鼎,5,11,-6,0,0,0,2026-09-10
6257,矽格,0,0,0,1089000,1770000,-681000,2026-09-10
6274,台燿,0,0,0,4157000,4844000,-687000,2026-09-10
6291,沛亨,0,0,0,0,1006000,-1006000,2026-09-10
6414,樺漢,0,0,0,3323000,371000,2952000,2026-09-10
6442,光聖,0,0,0,12560000,9290000,3270000,2026-09-10
6446,藥華藥,0,0,0,692000,1310000,-618000,2026-09-10
6488,環球晶,0,0,0,11750000,9311000,2439000,2026-09-10
6510,精測,0,0,0,0,3675000,-3675000,2026-09-10
6531,愛普*,0,0,0,6234000,316000,5918000,2026-09-10
6547,高端疫苗,46,19,27,2803000,1196000,1607000,2026-09-10
6589,台康生技,0,7,-7,0,0,0,2026-09-10
6598,ABC-KY,0,10,-10,0,0,0,2026-09-10
6640,均華,0,0,0,0,1210000,-1210000,2026-09-10
6669,緯穎,0,0,0,23000,9306000,-9283000,2026-09-10
6683,雍智科技,1,30,-29,1439000,39900000,-38461000,2026-09-10
6693,廣閎科,0,32,-32,0,5701000,-5701000,2026-09-10
6770,力積電,70,115,-45,5063000,8424000,-3361000,2026-09-10
6885,全福生技,0,6,-6,0,0,0,2026-09-10
6919,康霈*,41,50,-9,3276000,4009000,-733000,2026-09-10
6937,天虹,0,0,0,0,1184000,-1184000,2026-09-10
6949,沛爾生醫*-創,68,2,66,3975000,119000,3856000,2026-09-10
7610,聯友金屬-創,0,0,0,1975000,0,1975000,2026-09-10
7749,意騰-KY,0,0,0,36000,1060000,-1024000,2026-09-10
7769,鴻勁,0,0,0,6882000,13260000,-6378000,2026-09-10
7822,倍利科,0,0,0,101000,878000,-777000,2026-09-10
8046,南電,0,0,0,40000,1070000,-1030000,2026-09-10
8054,安國,0,6,-6,0,0,0,2026-09-10
8096,擎亞,3,26,-23,294000,2465000,-2171000,2026-09-10
8227,巨有科技,0,6,-6,0,1298000,-1298000,2026-09-10
8403,盛弘,0,11,-11,0,0,0,2026-09-10
8996,高力,0,0,0,3923000,1285000,2638000,2026-09-10
9904,寶成,26,0,26,0,0,0,2026-09-10
0050,元大台灣50,357,224,133,38247000,24162000,14085000,2026-09-11
0052,富邦科技,20,35,-15,0,0,0,2026-09-11
1101,台泥,79,4,75,1943000,98000,1845000,2026-09-11
1303,南亞,75,57,18,17742000,13438000,4304000,2026-09-11
1312,國喬,20,0,20,0,0,0,2026-09-11
1314,中石化,0,33,-33,0,0,0,2026-09-11
1316,上曜,0,8,-8,0,0,0,2026-09-11
1326,台化,5,15,-10,0,0,0,2026-09-11
1409,新纖,22,1,21,0,0,0,2026-09-11
1519,華城,0,0,0,7154000,19000,7135000,2026-09-11
1560,中砂,0,0,0,790000,2340000,-1550000,2026-09-11
1590,亞德客-KY,0,0,0,5000,1270000,-1265000,2026-09-11
1714,和桐,13,0,13,0,0,0,2026-09-11
1718,中纖,2,15,-13,0,0,0,2026-09-11
2002,中鋼,39,1,38,0,0,0,2026-09-11
2301,光寶科,14,75,-61,3759000,20709000,-16950000,2026-09-11
2302,麗正,0,10,-10,0,0,0,2026-09-11
2303,聯電,171,151,20,24026000,21070000,2956000,2026-09-11
2308,台達電,0,0,0,12203000,4501000,7702000,2026-09-11
2330,台積電,17,2,15,40934000,4876000,36058000,2026-09-11
2338,光罩,350,239,111,16678000,11347000,5331000,2026-09-11
2344,華邦電,80,50,30,13725000,8599000,5126000,2026-09-11
2359,所羅門,7,18,-11,897000,2304000,-1407000,2026-09-11
2368,金像電,0,12,-12,11000,12129000,-12118000,2026-09-11
2383,台光電,0,0,0,21573000,5939000,15634000,2026-09-11
2395,研華,0,0,0,0,2753000,-2753000,2026-09-11
2399,映泰,1,11,-10,0,0,0,2026-09-11
2401,凌陽,0,200,-200,0,4767000,-4767000,2026-09-11
2404,漢唐,0,0,0,4239000,0,4239000,2026-09-11
2408,南亞科,56,14,42,27757000,7154000,20603000,2026-09-11
2409,友達,231,192,39,0,0,0,2026-09-11
2412,中華電,0,124,-124,0,17311000,-17311000,2026-09-11
2426,鼎元,43,62,-19,4159000,6057000,-1898000,2026-09-11
2449,京元電子,7,15,-8,1724000,3957000,-2233000,2026-09-11
2454,聯發科,0,0,0,20724000,6112000,14612000,2026-09-11
2455,全新,0,0,0,2600000,1038000,1562000,2026-09-11
2492,華新科,243,251,-8,81901000,83689000,-1788000,2026-09-11
2493,揚博,0,45,-45,0,7676000,-7676000,2026-09-11
2618,長榮航,0,30,-30,2000,1280000,-1278000,2026-09-11
2801,彰銀,0,33,-33,0,0,0,2026-09-11
2880,華南金,1,197,-196,50000,8918000,-8868000,2026-09-11
2884,玉山金,1,41,-40,45000,1870000,-1825000,2026-09-11
2886,兆豐金,0,28,-28,0,1422000,-1422000,2026-09-11
2887,台新新光金,2,35,-33,83000,1455000,-1372000,2026-09-11
2892,第一金,0,90,-90,0,3453000,-3453000,2026-09-11
3006,晶豪科,0,0,0,4641000,2331000,2310000,2026-09-11
3008,大立光,0,0,0,10431000,6744000,3687000,2026-09-11
3026,禾伸堂,20,43,-23,15870000,33125000,-17255000,2026-09-11
3037,欣興,0,0,0,8077000,4018000,4059000,2026-09-11
3042,晶技,4,44,-40,707000,7725000,-7018000,2026-09-11
3081,聯亞,0,0,0,22182000,17330000,4852000,2026-09-11
3131,弘塑,0,0,0,2422000,0,2422000,2026-09-11
3189,景碩,4,16,-12,3297000,13231000,-9934000,2026-09-11
3231,緯創,7,33,-26,1368000,6120000,-4752000,2026-09-11
3260,威剛,0,0,0,809000,2127000,-1318000,2026-09-11
3324,雙鴻,0,0,0,67000,2720000,-2653000,2026-09-11
3374,精材,0,0,0,3817000,947000,2870000,2026-09-11
3406,玉晶光,0,0,0,8635000,4310000,4325000,2026-09-11
3443,創意,0,0,0,67484000,6293000,61191000,2026-09-11
3481,群創,116,83,33,5545000,3963000,1582000,2026-09-11
3491,昇達科,0,0,0,0,1445000,-1445000,2026-09-11
3515,華擎,0,0,0,1457000,0,1457000,2026-09-11
3529,力旺,0,0,0,8114000,12920000,-4806000,2026-09-11
3532,台勝科,0,0,0,3781000,5438000,-1657000,2026-09-11
3594,磐儀,0,29,-29,2000,1340000,-1338000,2026-09-11
3653,健策,0,0,0,11345000,6245000,5100000,2026-09-11
3661,世芯-KY,0,0,0,25407000,7419000,17988000,2026-09-11
3673,TPK-KY,20,0,20,0,0,0,2026-09-11
3693,營邦,0,0,0,6163000,3411000,2752000,2026-09-11
3711,日月光投控,42,19,23,26358000,11427000,14931000,2026-09-11
4510,高鋒,16,0,16,0,0,0,2026-09-11
4545,銘鈺,22,0,22,0,0,0,2026-09-11
4566,時碩工業,1,11,-10,0,0,0,2026-09-11
4714,永捷,30,0,30,0,0,0,2026-09-11
4749,新應材,0,197,-197,0,143332000,-143332000,2026-09-11
4903,聯光通,20,0,20,0,0,0,2026-09-11
4939,亞電,173,184,-11,0,0,0,2026-09-11
4958,臻鼎-KY,0,0,0,1039000,4324000,-3285000,2026-09-11
4967,十銓,0,0,0,2774000,279000,2495000,2026-09-11
5269,祥碩,0,0,0,1453000,0,1453000,2026-09-11
5876,上海商銀,1,24,-23,47000,1182000,-1135000,2026-09-11
5880,合庫金,4,45,-41,109000,1207000,-1098000,2026-09-11
6141,柏承,3,47,-44,154000,2408000,-2254000,2026-09-11
6173,信昌電,0,0,0,18759000,16125000,2634000,2026-09-11
6187,萬潤,0,0,0,0,1225000,-1225000,2026-09-11
6196,帆宣,0,0,0,2609000,1077000,1532000,2026-09-11
6207,雷科,23,3,20,2594000,335000,2259000,2026-09-11
6213,聯茂,0,0,0,2141000,3696000,-1555000,2026-09-11
6226,光鼎,88,67,21,0,0,0,2026-09-11
6274,台燿,0,0,0,1504000,32000,1472000,2026-09-11
6442,光聖,4,21,-17,5941000,35490000,-29549000,2026-09-11
6451,訊芯-KY,0,0,0,43000,1657000,-1614000,2026-09-11
6456,GIS-KY,20,2,18,0,0,0,2026-09-11
6510,精測,0,0,0,7379000,3585000,3794000,2026-09-11
6530,創威,0,10,-10,0,0,0,2026-09-11
6547,高端疫苗,34,19,15,0,0,0,2026-09-11
6667,信紘科,0,0,0,9000,1496000,-1487000,2026-09-11
6693,廣閎科,0,33,-33,0,5673000,-5673000,2026-09-11
6739,竹陞科技,0,0,0,390000,1355000,-965000,2026-09-11
6770,力積電,153,35,118,10761000,2443000,8318000,2026-09-11
6919,康霈*,37,4,33,3009000,322000,2687000,2026-09-11
6949,沛爾生醫*-創,31,171,-140,1743000,9332000,-7589000,2026-09-11
7795,長廣,0,13,-13,0,6610000,-6610000,2026-09-11
7827,漢康-KY創,0,10,-10,0,1525000,-1525000,2026-09-11
8033,雷虎,0,0,0,3361000,1651000,1710000,2026-09-11
8039,台虹,0,0,0,9433000,7955000,1478000,2026-09-11
8064,東捷,0,0,0,1767000,244000,1523000,2026-09-11
8150,南茂,18,3,15,0,0,0,2026-09-11
8155,博智,0,0,0,2984000,0,2984000,2026-09-11
8299,群聯,0,0,0,6963000,17815000,-10852000,2026-09-11
8358,金居,0,0,0,6318000,2916000,3402000,2026-09-11
8932,智通*,30,0,30,2733000,0,2733000,2026-09-11
8996,高力,0,0,0,11260000,2644000,8616000,2026-09-11
9802,鈺齊-KY,20,0,20,0,0,0,2026-09-11
9907,統一實,18,0,18,0,0,0,2026-09-11
0050,元大台灣50,332,258,74,35355000,27401000,7954000,2026-09-15
0056,元大高股息,42,2,40,2286000,110000,2176000,2026-09-15
1101,台泥,47,6,41,0,0,0,2026-09-15
1229,聯華,70,0,70,2817000,0,2817000,2026-09-15
1303,南亞,81,64,17,18201000,14328000,3873000,2026-09-15
1314,中石化,0,12,-12,0,0,0,2026-09-15
1519,華城,0,0,0,7650000,701000,6949000,2026-09-15
1528,恩德,104,118,-14,0,0,0,2026-09-15
1711,永光,2,8,-6,0,0,0,2026-09-15
1722,台肥,0,26,-26,0,1089000,-1089000,2026-09-15
1815,富喬,18,24,-6,2141000,2811000,-670000,2026-09-15
2002,中鋼,37,0,37,0,0,0,2026-09-15
2031,新光鋼,0,12,-12,0,0,0,2026-09-15
2308,台達電,3,9,-6,5551000,14664000,-9113000,2026-09-15
2327,國巨*,19,42,-23,10497000,22702000,-12205000,2026-09-15
2330,台積電,0,0,0,11349000,139000,11210000,2026-09-15
2332,友訊,0,10,-10,0,0,0,2026-09-15
2342,茂矽,20,2,18,0,0,0,2026-09-15
2344,華邦電,0,0,0,15450000,13405000,2045000,2026-09-15
2345,智邦,0,0,0,4032000,0,4032000,2026-09-15
2353,§»ùÖ,1,23,-22,32000,712000,-680000,2026-09-15
2368,金像電,0,0,0,3316000,0,3316000,2026-09-15
2375,凱美,4,11,-7,485000,1317000,-832000,2026-09-15
2382,廣達,2,183,-181,668000,60985000,-60317000,2026-09-15
2392,正崴,0,6,-6,0,0,0,2026-09-15
2404,漢唐,0,0,0,0,4180000,-4180000,2026-09-15
2408,南亞科,23,217,-194,10899000,101310000,-90411000,2026-09-15
2409,友達,184,81,103,5136000,2263000,2873000,2026-09-15
2412,中華電,450,455,-5,64349000,65340000,-991000,2026-09-15
2449,京元電子,0,0,0,2386000,779000,1607000,2026-09-15
2454,聯發科,0,0,0,14807000,10507000,4300000,2026-09-15
2455,全新,0,0,0,0,534000,-534000,2026-09-15
2478,大毅,0,27,-27,0,3186000,-3186000,2026-09-15
2481,強茂,89,56,33,14212000,8819000,5393000,2026-09-15
2492,華新科,0,0,0,19212000,16802000,2410000,2026-09-15
2501,國建,69,0,69,1479000,0,1479000,2026-09-15
2511,太子,80,0,80,0,0,0,2026-09-15
2610,華航,29,0,29,0,0,0,2026-09-15
2618,長榮航,42,0,42,1726000,0,1726000,2026-09-15
2801,彰銀,75,0,75,2099000,0,2099000,2026-09-15
2855,統一證,10,30,-20,514000,1530000,-1016000,2026-09-15
2880,華南金,10,27,-17,489000,1255000,-766000,2026-09-15
2883,凱基金,52,0,52,1993000,0,1993000,2026-09-15
2884,玉山金,27,5,22,0,0,0,2026-09-15
2886,兆豐金,38,2,36,1966000,103000,1863000,2026-09-15
2887,台新新光金,46,3,43,1973000,143000,1830000,2026-09-15
2891,中信金,4,886,-882,299000,61504000,-61205000,2026-09-15
2892,第一金,20,0,20,0,0,0,2026-09-15
3008,大立光,0,0,0,30000,7162000,-7132000,2026-09-15
3017,奇鋐,0,0,0,9683000,14608000,-4925000,2026-09-15
3026,禾伸堂,0,0,0,22245000,22879000,-634000,2026-09-15
3034,聯詠,0,0,0,1790000,33000,1757000,2026-09-15
3042,晶技,0,0,0,357000,909000,-552000,2026-09-15
3044,健鼎,0,0,0,2018000,501000,1517000,2026-09-15
3105,穩懋,21,42,-21,9796000,19680000,-9884000,2026-09-15
3131,弘塑,0,0,0,240000,2365000,-2125000,2026-09-15
3167,大量,0,0,0,24000,855000,-831000,2026-09-15
3231,緯創,8,138,-130,1457000,25050000,-23593000,2026-09-15
3264,欣銓,0,0,0,225000,1123000,-898000,2026-09-15
3324,雙鴻,3,28,-25,3949000,36540000,-32591000,2026-09-15
3406,玉晶光,0,0,0,176000,940000,-764000,2026-09-15
3441,聯一光,0,0,0,29330000,27409000,1921000,2026-09-15
3450,聯鈞,0,0,0,9195000,6159000,3036000,2026-09-15
3481,群創,85,7,78,4025000,339000,3686000,2026-09-15
3529,力旺,0,0,0,2635000,0,2635000,2026-09-15
3653,健策,0,0,0,11424000,5635000,5789000,2026-09-15
3661,世芯-KY,0,0,0,6033000,0,6033000,2026-09-15
3665,貿聯-KY,0,0,0,35806000,4080000,31726000,2026-09-15
3704,合勤控,34,2,32,0,0,0,2026-09-15
3711,日月光投控,10,21,-11,5677000,12617000,-6940000,2026-09-15
3714,富采,0,20,-20,0,1208000,-1208000,2026-09-15
4123,晟德,65,0,65,1966000,0,1966000,2026-09-15
4743,合一,3,11,-8,0,0,0,2026-09-15
4915,致伸,21,4,17,0,0,0,2026-09-15
5222,全訊,0,6,-6,0,612000,-612000,2026-09-15
5284,jpp-KY,0,13,-13,0,3821000,-3821000,2026-09-15
5347,世界,0,0,0,2353000,162000,2191000,2026-09-15
5475,德宏,0,0,0,3525000,1781000,1744000,2026-09-15
5534,長虹,0,13,-13,7000,950000,-943000,2026-09-15
5876,上海商銀,0,13,-13,0,648000,-648000,2026-09-15
6112,邁達特,10,18,-8,0,0,0,2026-09-15
6116,彩晶,0,7,-7,0,0,0,2026-09-15
6139,亞翔,0,10,-10,0,7148000,-7148000,2026-09-15
6141,柏承,2,10,-8,0,0,0,2026-09-15
6147,頎邦,53,82,-29,10810000,16534000,-5724000,2026-09-15
6173,信昌電,0,0,0,19206000,17706000,1500000,2026-09-15
6182,合晶,153,35,118,16714000,3745000,12969000,2026-09-15
6207,雷科,1,20,-19,118000,2130000,-2012000,2026-09-15
6223,旺矽,0,0,0,5000,5500000,-5495000,2026-09-15
6224,聚鼎,0,17,-17,0,1471000,-1471000,2026-09-15
6225,天瀚,0,12,-12,0,739000,-739000,2026-09-15
6226,光鼎,93,51,42,0,0,0,2026-09-15
6239,力成,0,0,0,1634000,2184000,-550000,2026-09-15
6274,台燿,18,1,17,25030000,1446000,23584000,2026-09-15
6409,旭隼,0,0,0,4000,880000,-876000,2026-09-15
6442,光聖,0,0,0,0,1610000,-1610000,2026-09-15
6488,環球晶,0,0,0,2859000,3856000,-997000,2026-09-15
6505,台塑化,19,33,-14,1547000,2701000,-1154000,2026-09-15
6515,穎崴,0,0,0,103000,985000,-882000,2026-09-15
6667,信紘科,0,0,0,0,714000,-714000,2026-09-15
6683,雍智科技,0,0,0,8859000,1612000,7247000,2026-09-15
6693,廣閎科,0,13,-13,0,2281000,-2281000,2026-09-15
6770,力積電,109,46,63,7429000,3096000,4333000,2026-09-15
6829,千附精密,0,7,-7,0,1429000,-1429000,2026-09-15
6949,沛爾生醫*-創,2,10,-8,0,0,0,2026-09-15
7711,永擎,22,4,18,10007000,1863000,8144000,2026-09-15
7765,中華資安,0,0,0,2797000,245000,2552000,2026-09-15
7822,倍利科,0,0,0,49000,792000,-743000,2026-09-15
8028,昇陽半導體,0,0,0,2049000,456000,1593000,2026-09-15
8039,台虹,0,0,0,6470000,2487000,3983000,2026-09-15
8046,南電,0,0,0,1407000,3385000,-1978000,2026-09-15
8050,廣積,0,8,-8,0,0,0,2026-09-15
8111,¥ßùÖ,3,12,-9,211000,824000,-613000,2026-09-15
8271,宇瞻,21,0,21,4221000,0,4221000,2026-09-15
8358,金居,0,0,0,12156000,8058000,4098000,2026-09-15
8431,匯鑽科,27,0,27,1685000,0,1685000,2026-09-15
8932,智通*,30,0,30,2709000,0,2709000,2026-09-15
9907,統一實,30,0,30,0,0,0,2026-09-15
9933,中鼎,20,0,20,0,0,0,2026-09-15
0050,元大台灣50,21,673,-652,2275000,71696000,-69421000,2026-09-16
0052,富邦科技,4,19,-15,0,0,0,2026-09-16
1102,亞泥,9,0,9,0,0,0,2026-09-16
1216,統一,40,0,40,2974000,0,2974000,2026-09-16
1229,聯華,30,0,30,1207000,0,1207000,2026-09-16
1303,南亞,533,63,470,119803000,14307000,105496000,2026-09-16
1314,中石化,12,0,12,0,0,0,2026-09-16
1414,東和,15,0,15,0,0,0,2026-09-16
1464,得力,25,0,25,0,0,0,2026-09-16
1465,偉全,27,5,22,0,0,0,2026-09-16
1477,聚陽,0,0,0,1146000,0,1146000,2026-09-16
1528,恩德,39,30,9,0,0,0,2026-09-16
1560,中砂,0,0,0,752000,0,752000,2026-09-16
1590,亞德客-KY,0,0,0,1370000,0,1370000,2026-09-16
1722,台肥,25,0,25,1045000,0,1045000,2026-09-16
2002,中鋼,55,28,27,0,0,0,2026-09-16
2104,國際中橡,0,30,-30,0,0,0,2026-09-16
2301,光寶科,3,15,-12,941000,4166000,-3225000,2026-09-16
2303,聯電,37,134,-97,5227000,18855000,-13628000,2026-09-16
2308,台達電,0,0,0,2003000,8983000,-6980000,2026-09-16
2317,鴻海,0,0,0,4286000,3213000,1073000,2026-09-16
2324,仁寶,15,4,11,0,0,0,2026-09-16
2327,國巨*,0,0,0,13553000,15601000,-2048000,2026-09-16
2330,台積電,21,8,13,51151000,19174000,31977000,2026-09-16
2337,旺宏,0,0,0,1662000,900000,762000,2026-09-16
2338,光罩,12,29,-17,0,0,0,2026-09-16
2342,茂矽,1,13,-12,0,0,0,2026-09-16
2344,華邦電,59,96,-37,9817000,16049000,-6232000,2026-09-16
2351,順德,0,0,0,1490000,735000,755000,2026-09-16
2352,佳世達,6,17,-11,0,0,0,2026-09-16
2360,致茂,0,0,0,2178000,54000,2124000,2026-09-16
2371,大同,9,0,9,0,0,0,2026-09-16
2382,廣達,3,172,-169,1015000,58138000,-57123000,2026-09-16
2383,台光電,0,0,0,21199000,11235000,9964000,2026-09-16
2408,南亞科,49,79,-30,23721000,38062000,-14341000,2026-09-16
2409,友達,90,225,-135,2609000,6529000,-3920000,2026-09-16
2412,中華電,0,111,-111,6000,15882000,-15876000,2026-09-16
2426,鼎元,61,105,-44,5956000,10256000,-4300000,2026-09-16
2449,京元電子,0,0,0,2100000,1044000,1056000,2026-09-16
2451,創見,24,37,-13,6740000,10223000,-3483000,2026-09-16
2453,凌群,20,9,11,0,0,0,2026-09-16
2454,聯發科,0,0,0,4724000,6532000,-1808000,2026-09-16
2455,全新,30,15,15,15734000,7741000,7993000,2026-09-16
2468,華經,294,282,12,0,0,0,2026-09-16
2481,強茂,65,83,-18,10595000,13521000,-2926000,2026-09-16
2489,瑞軒,7,26,-19,0,0,0,2026-09-16
2492,華新科,15,6,9,4602000,1852000,2750000,2026-09-16
2603,長榮,0,0,0,239000,2138000,-1899000,2026-09-16
2609,陽明,5,60,-55,303000,3622000,-3319000,2026-09-16
2610,華航,15,0,15,0,0,0,2026-09-16
2640,大車隊,9,0,9,1425000,0,1425000,2026-09-16
2801,彰銀,10,31,-21,0,0,0,2026-09-16
2834,臺企銀,31,0,31,0,0,0,2026-09-16
2845,遠東銀,10,0,10,0,0,0,2026-09-16
2880,華南金,103,38,65,4841000,1820000,3021000,2026-09-16
2884,玉山金,31,45,-14,0,0,0,2026-09-16
2886,兆豐金,14,0,14,726000,0,726000,2026-09-16
2889,國票金,0,14,-14,0,0,0,2026-09-16
2891,中信金,2,873,-871,141000,61232000,-61091000,2026-09-16
2892,第一金,13,4,9,0,0,0,2026-09-16
3008,大立光,0,0,0,31967000,65404000,-33437000,2026-09-16
3036,文曄,0,0,0,1157000,0,1157000,2026-09-16
3037,欣興,0,0,0,3078000,1485000,1593000,2026-09-16
3081,聯亞,0,0,0,24529000,26754000,-2225000,2026-09-16
3131,弘塑,0,0,0,2320000,0,2320000,2026-09-16
3135,凌航,0,18,-18,0,2889000,-2889000,2026-09-16
3167,大量,0,0,0,1653000,3298000,-1645000,2026-09-16
3189,景碩,0,0,0,15363000,17359000,-1996000,2026-09-16
3211,順達,0,0,0,2580000,0,2580000,2026-09-16
3231,緯創,19,143,-124,3502000,26058000,-22556000,2026-09-16
3260,威剛,0,0,0,3708000,789000,2919000,2026-09-16
3264,欣銓,1,17,-16,223000,3806000,-3583000,2026-09-16
3324,雙鴻,0,0,0,10520000,5771000,4749000,2026-09-16
3363,上詮,0,0,0,2052000,4037000,-1985000,2026-09-16
3374,精材,0,0,0,1689000,874000,815000,2026-09-16
3406,玉晶光,0,0,0,2071000,985000,1086000,2026-09-16
3441,聯一光,35,68,-33,6334000,12274000,-5940000,2026-09-16
3450,聯鈞,1,19,-18,507000,10150000,-9643000,2026-09-16
3481,群創,215,107,108,10300000,5140000,5160000,2026-09-16
3490,單井,11,39,-28,0,0,0,2026-09-16
3529,力旺,0,0,0,0,5410000,-5410000,2026-09-16
3532,台勝科,0,0,0,2967000,6883000,-3916000,2026-09-16
3605,宏致,101,85,16,13332000,11925000,1407000,2026-09-16
3653,健策,0,0,0,10893000,5520000,5373000,2026-09-16
3665,貿聯-KY,13,0,13,26369000,0,26369000,2026-09-16
3711,日月光投控,0,0,0,2439000,5443000,-3004000,2026-09-16
4128,中天,10,0,10,0,0,0,2026-09-16
4743,合一,12,2,10,0,0,0,2026-09-16
4904,遠傳,721,633,88,75692000,66349000,9343000,2026-09-16
4915,致伸,7,18,-11,0,0,0,2026-09-16
4927,泰鼎-KY,0,21,-21,0,0,0,2026-09-16
4958,臻鼎-KY,0,0,0,2953000,4407000,-1454000,2026-09-16
5269,祥碩,0,0,0,0,2874000,-2874000,2026-09-16
5386,青雲,19,0,19,5479000,0,5479000,2026-09-16
5425,台半,8,19,-11,0,0,0,2026-09-16
5464,霖宏,0,20,-20,0,1812000,-1812000,2026-09-16
5475,德宏,12,24,-12,2195000,4285000,-2090000,2026-09-16
6148,驊宏資,247,329,-82,9236000,12433000,-3197000,2026-09-16
6164,華興,11,0,11,0,0,0,2026-09-16
6173,信昌電,58,76,-18,17575000,22896000,-5321000,2026-09-16
6182,合晶,56,159,-103,6166000,17614000,-11448000,2026-09-16
6213,聯茂,0,0,0,2652000,7035000,-4383000,2026-09-16
6221,晉泰,46,0,46,1422000,0,1422000,2026-09-16
6226,光鼎,0,16,-16,0,0,0,2026-09-16
6257,矽格,0,0,0,0,1475000,-1475000,2026-09-16
6274,台燿,3,18,-15,4287000,25509000,-21222000,2026-09-16
6290,良維,0,0,0,0,2378000,-2378000,2026-09-16
6415,矽力*-KY,25,17,8,10338000,7076000,3262000,2026-09-16
6442,光聖,0,0,0,3115000,1570000,1545000,2026-09-16
6446,藥華藥,0,0,0,1281000,0,1281000,2026-09-16
6505,台塑化,20,5,15,1655000,433000,1222000,2026-09-16
6515,穎崴,0,0,0,7068000,6210000,858000,2026-09-16
6531,愛普*,0,0,0,909000,6338000,-5429000,2026-09-16
6658,聯策,0,0,0,0,1650000,-1650000,2026-09-16
6669,緯穎,0,0,0,5974000,2415000,3559000,2026-09-16
6693,廣閎科,17,2,15,3109000,351000,2758000,2026-09-16
7711,永擎,0,17,-17,0,8514000,-8514000,2026-09-16
8039,台虹,2,17,-15,574000,4654000,-4080000,2026-09-16
8227,巨有科技,0,0,0,1608000,269000,1339000,2026-09-16
8299,群聯,0,46,-46,166000,89830000,-89664000,2026-09-16
8996,高力,0,0,0,0,10949000,-10949000,2026-09-16
0050,元大台灣50,39,99,-60,4180000,10732000,-6552000,2026-09-17
1216,統一,1,17,-16,75000,1281000,-1206000,2026-09-17
1301,台塑,4,27,-23,261000,1755000,-1494000,2026-09-17
1303,南亞,0,0,0,21951000,25037000,-3086000,2026-09-17
1314,中石化,0,45,-45,0,0,0,2026-09-17
1319,東陽,0,20,-20,0,1590000,-1590000,2026-09-17
1464,得力,15,5,10,0,0,0,2026-09-17
1519,華城,0,0,0,1413000,9237000,-7824000,2026-09-17
1560,中砂,0,0,0,16000,3334000,-3318000,2026-09-17
1569,濱川,20,1,19,0,0,0,2026-09-17
1590,亞德客-KY,0,0,0,0,1255000,-1255000,2026-09-17
1614,三洋電,0,16,-16,0,0,0,2026-09-17
1709,和益,8,75,-67,330000,3152000,-2822000,2026-09-17
1710,東聯,0,61,-61,0,0,0,2026-09-17
1727,中華化,0,336,-336,0,33334000,-33334000,2026-09-17
1785,光洋科,22,12,10,0,0,0,2026-09-17
1815,富喬,57,5,52,6417000,578000,5839000,2026-09-17
2002,中鋼,23,13,10,0,0,0,2026-09-17
2027,大成鋼,15,1,14,0,0,0,2026-09-17
2104,國際中橡,0,40,-40,0,0,0,2026-09-17
2301,光寶科,0,0,0,847000,3673000,-2826000,2026-09-17
2303,聯電,215,129,86,31530000,19030000,12500000,2026-09-17
2308,台達電,0,0,0,4079000,2303000,1776000,2026-09-17
2313,華通,27,14,13,5945000,3134000,2811000,2026-09-17
2317,鴻海,1,18,-17,268000,4617000,-4349000,2026-09-17
2330,台積電,12,38,-26,30307000,92154000,-61847000,2026-09-17
2331,精英,10,0,10,0,0,0,2026-09-17
2338,光罩,69,38,31,3505000,1921000,1584000,2026-09-17
2344,華邦電,102,78,24,17737000,13567000,4170000,2026-09-17
2345,智邦,0,0,0,5880000,0,5880000,2026-09-17
2352,佳世達,21,1,20,0,0,0,2026-09-17
2360,致茂,0,0,0,4324000,21000,4303000,2026-09-17
2368,金像電,0,0,0,8543000,4062000,4481000,2026-09-17
2371,大同,140,208,-68,4055000,6115000,-2060000,2026-09-17
2376,技嘉,0,0,0,0,3528000,-3528000,2026-09-17
2379,瑞昱,0,109,-109,94000,79112000,-79018000,2026-09-17
2382,廣達,3,16,-13,1039000,5664000,-4625000,2026-09-17
2399,映泰,10,30,-20,0,0,0,2026-09-17
2409,友達,194,221,-27,0,0,0,2026-09-17
2412,中華電,0,208,-208,2000,30158000,-30156000,2026-09-17
2426,鼎元,22,9,13,0,0,0,2026-09-17
2449,京元電子,33,18,15,8892000,4968000,3924000,2026-09-17
2453,凌群,1,15,-14,0,0,0,2026-09-17
2454,聯發科,0,0,0,5837000,10087000,-4250000,2026-09-17
2455,全新,0,0,0,10068000,12371000,-2303000,2026-09-17
2481,強茂,101,59,42,16814000,9892000,6922000,2026-09-17
2489,瑞軒,44,59,-15,0,0,0,2026-09-17
2492,華新科,4,56,-52,1358000,16790000,-15432000,2026-09-17
2640,大車隊,0,0,0,1655000,165000,1490000,2026-09-17
2801,彰銀,78,93,-15,0,0,0,2026-09-17
2834,臺企銀,31,59,-28,0,0,0,2026-09-17
2880,華南金,42,106,-64,2018000,5082000,-3064000,2026-09-17
2881,富邦金,14,0,14,2171000,0,2171000,2026-09-17
2882,國泰金,15,2,13,0,0,0,2026-09-17
2884,玉山金,2,31,-29,97000,1462000,-1365000,2026-09-17
2886,兆豐金,1,20,-19,0,0,0,2026-09-17
2891,中信金,0,15,-15,0,0,0,2026-09-17
2892,第一金,8,25,-17,0,0,0,2026-09-17
3017,奇鋐,0,0,0,23110000,19306000,3804000,2026-09-17
3037,欣興,0,0,0,8574000,6868000,1706000,2026-09-17
3105,穩懋,0,0,0,25066000,29007000,-3941000,2026-09-17
3131,弘塑,0,0,0,24000,2377000,-2353000,2026-09-17
3149,正達,16,6,10,0,0,0,2026-09-17
3163,波若威,0,0,0,650000,2605000,-1955000,2026-09-17
3189,景碩,0,0,0,15772000,9774000,5998000,2026-09-17
3211,順達,0,0,0,3071000,4743000,-1672000,2026-09-17
3264,欣銓,48,12,36,11753000,2914000,8839000,2026-09-17
3324,雙鴻,27,0,27,36917000,0,36917000,2026-09-17
3363,上詮,0,0,0,6140000,661000,5479000,2026-09-17
3374,精材,5,22,-17,2199000,9439000,-7240000,2026-09-17
3376,新日興,0,0,0,1778000,229000,1549000,2026-09-17
3406,玉晶光,0,0,0,7104000,8943000,-1839000,2026-09-17
3450,聯鈞,26,11,15,14127000,6075000,8052000,2026-09-17
3455,由田,22,0,22,5602000,0,5602000,2026-09-17
3481,群創,530,725,-195,26120000,36061000,-9941000,2026-09-17
3490,單井,0,25,-25,0,1140000,-1140000,2026-09-17
3529,力旺,0,0,0,2718000,3000,2715000,2026-09-17
3532,台勝科,0,0,0,23803000,21402000,2401000,2026-09-17
3605,宏致,35,51,-16,5029000,7497000,-2468000,2026-09-17
3653,健策,0,0,0,31357000,27662000,3695000,2026-09-17
3661,世芯-KY,0,0,0,11704000,6803000,4901000,2026-09-17
3665,貿聯-KY,0,0,0,2110000,114000,1996000,2026-09-17
3693,營邦,0,0,0,3564000,5055000,-1491000,2026-09-17
3702,大聯大,3,535,-532,333000,59387000,-59054000,2026-09-17
3711,日月光投控,0,0,0,15038000,16605000,-1567000,2026-09-17
4416,三圓,1,16,-15,0,0,0,2026-09-17
4510,高鋒,5,23,-18,0,0,0,2026-09-17
4707,磐亞,12,0,12,0,0,0,2026-09-17
4904,遠傳,378,466,-88,40159000,49491000,-9332000,2026-09-17
4908,前鼎,0,0,0,1473000,3651000,-2178000,2026-09-17
4927,泰鼎-KY,4,34,-30,178000,1475000,-1297000,2026-09-17
4958,臻鼎-KY,0,0,0,7813000,5301000,2512000,2026-09-17
4960,誠美材,799,0,799,17519000,0,17519000,2026-09-17
5269,祥碩,0,0,0,0,1702000,-1702000,2026-09-17
5347,世界,3,27,-24,499000,4504000,-4005000,2026-09-17
5483,中美晶,5,19,-14,926000,3613000,-2687000,2026-09-17
6116,彩晶,19,9,10,0,0,0,2026-09-17
6147,頎邦,526,32,494,111502000,6802000,104700000,2026-09-17
6164,華興,11,0,11,0,0,0,2026-09-17
6168,宏齊,6,31,-25,0,0,0,2026-09-17
6173,信昌電,46,36,10,14219000,11212000,3007000,2026-09-17
6207,雷科,13,41,-28,1491000,4715000,-3224000,2026-09-17
6213,聯茂,0,0,0,9995000,6551000,3444000,2026-09-17
6221,晉泰,0,45,-45,0,1289000,-1289000,2026-09-17
6226,光鼎,43,28,15,0,0,0,2026-09-17
6257,矽格,0,0,0,1110000,3668000,-2558000,2026-09-17
6274,台燿,0,0,0,42467000,29863000,12604000,2026-09-17
6290,良維,21,3,18,5607000,778000,4829000,2026-09-17
6291,沛亨,0,0,0,2663000,1041000,1622000,2026-09-17
6505,台塑化,18,32,-14,1511000,2705000,-1194000,2026-09-17
6533,晶心科,0,0,0,0,2253000,-2253000,2026-09-17
6667,信紘科,0,0,0,0,1210000,-1210000,2026-09-17
6669,緯穎,0,0,0,6947000,2255000,4692000,2026-09-17
6672,騰輝電子-KY,0,0,0,3276000,883000,2393000,2026-09-17
6693,廣閎科,13,2,11,2427000,372000,2055000,2026-09-17
6708,天擎,37,0,37,0,0,0,2026-09-17
6770,力積電,111,239,-128,7874000,17041000,-9167000,2026-09-17
7734,印能科技,0,0,0,5335000,0,5335000,2026-09-17
8021,尖點,29,3,26,13278000,1426000,11852000,2026-09-17
8028,昇陽半導體,28,5,23,6908000,1224000,5684000,2026-09-17
8039,台虹,15,28,-13,3908000,7242000,-3334000,2026-09-17
8046,南電,0,0,0,6175000,4358000,1817000,2026-09-17
8103,瀚荃,0,0,0,380000,1854000,-1474000,2026-09-17
8213,志超,0,19,-19,0,0,0,2026-09-17
8299,群聯,0,0,0,6005000,4092000,1913000,2026-09-17
8358,金居,17,5,12,8292000,2416000,5876000,2026-09-17
9945,潤泰新,11,1,10,0,0,0,2026-09-17
0050,元大台灣50,76,103,-27,8312000,11263000,-2951000,2026-09-18
0056,元大高股息,27,59,-32,1544000,3351000,-1807000,2026-09-18
1303,南亞,54,67,-13,12852000,16064000,-3212000,2026-09-18
1314,中石化,243,232,11,0,0,0,2026-09-18
1519,華城,0,17,-17,0,12182000,-12182000,2026-09-18
1569,濱川,65,4,61,3527000,219000,3308000,2026-09-18
1709,和益,55,9,46,2177000,359000,1818000,2026-09-18
1718,中纖,21,0,21,0,0,0,2026-09-18
1815,富喬,110,165,-55,13298000,20094000,-6796000,2026-09-18
2002,中鋼,30,9,21,0,0,0,2026-09-18
2104,國際中橡,20,0,20,0,0,0,2026-09-18
2303,聯電,457,301,156,71304000,46954000,24350000,2026-09-18
2308,台達電,0,0,0,12833000,9025000,3808000,2026-09-18
2317,鴻海,6,19,-13,1595000,4757000,-3162000,2026-09-18
2327,國巨*,0,0,0,19667000,18015000,1652000,2026-09-18
2330,台積電,0,0,0,29735000,45128000,-15393000,2026-09-18
2337,旺宏,3,28,-25,394000,3401000,-3007000,2026-09-18
2344,華邦電,77,116,-39,13527000,20506000,-6979000,2026-09-18
2345,智邦,0,0,0,99000,1855000,-1756000,2026-09-18
2357,華碩,0,0,0,1904000,0,1904000,2026-09-18
2360,致茂,0,0,0,2284000,5119000,-2835000,2026-09-18
2368,金像電,0,0,0,1000000,4395000,-3395000,2026-09-18
2369,菱生,31,44,-13,0,0,0,2026-09-18
2382,廣達,7,27,-20,2410000,9257000,-6847000,2026-09-18
2383,台光電,0,0,0,15622000,20510000,-4888000,2026-09-18
2397,友通,0,13,-13,0,0,0,2026-09-18
2404,漢唐,20,1,19,22080000,1126000,20954000,2026-09-18
2408,南亞科,41,131,-90,20950000,67734000,-46784000,2026-09-18
2409,友達,139,104,35,0,0,0,2026-09-18
2412,中華電,0,451,-451,6000,65523000,-65517000,2026-09-18
2449,京元電子,188,71,117,54623000,20288000,34335000,2026-09-18
2454,聯發科,0,0,0,24361000,57735000,-33374000,2026-09-18
2455,全新,74,135,-61,39959000,72118000,-32159000,2026-09-18
2481,強茂,0,0,0,9844000,11608000,-1764000,2026-09-18
2492,華新科,1,68,-67,303000,21024000,-20721000,2026-09-18
2547,日勝生,0,20,-20,0,0,0,2026-09-18
2609,陽明,65,1,64,3939000,63000,3876000,2026-09-18
2880,華南金,82,6,76,3874000,284000,3590000,2026-09-18
2883,凱基金,44,0,44,1722000,0,1722000,2026-09-18
2884,玉山金,44,2,42,2006000,92000,1914000,2026-09-18
2886,兆豐金,17,1,16,0,0,0,2026-09-18
2887,台新新光金,62,6,56,2670000,259000,2411000,2026-09-18
2889,國票金,11,0,11,0,0,0,2026-09-18
2892,第一金,49,10,39,1958000,398000,1560000,2026-09-18
3006,晶豪科,0,0,0,2605000,5651000,-3046000,2026-09-18
3008,大立光,0,0,0,21331000,1587000,19744000,2026-09-18
3017,奇鋐,0,0,0,20260000,17094000,3166000,2026-09-18
3034,聯詠,0,0,0,33000,3337000,-3304000,2026-09-18
3037,欣興,0,0,0,6885000,10081000,-3196000,2026-09-18
3081,聯亞,0,0,0,2850000,14175000,-11325000,2026-09-18
3105,穩懋,50,73,-23,23704000,35521000,-11817000,2026-09-18
3167,大量,0,0,0,1652000,0,1652000,2026-09-18
3189,景碩,107,11,96,87954000,9378000,78576000,2026-09-18
3231,緯創,30,48,-18,5677000,9053000,-3376000,2026-09-18
3264,欣銓,0,0,0,42929000,45606000,-2677000,2026-09-18
3293,鈊象,0,0,0,1477000,0,1477000,2026-09-18
3324,雙鴻,0,0,0,5905000,4555000,1350000,2026-09-18
3372,典範,20,0,20,0,0,0,2026-09-18
3374,精材,48,5,43,21048000,2220000,18828000,2026-09-18
3376,新日興,1,98,-97,183000,17405000,-17222000,2026-09-18
3443,創意,0,0,0,490000,7820000,-7330000,2026-09-18
3450,聯鈞,0,0,0,4907000,7580000,-2673000,2026-09-18
3529,力旺,0,0,0,2939000,14534000,-11595000,2026-09-18
3653,健策,0,0,0,33336000,12536000,20800000,2026-09-18
3661,世芯-KY,0,0,0,286000,3574000,-3288000,2026-09-18
3665,貿聯-KY,3,15,-12,6454000,33818000,-27364000,2026-09-18
3693,營邦,12,0,12,8501000,0,8501000,2026-09-18
3702,大聯大,1,531,-530,113000,60058000,-59945000,2026-09-18
3711,日月光投控,20,4,16,12793000,2632000,10161000,2026-09-18
4416,三圓,0,20,-20,0,0,0,2026-09-18
4763,材料*-KY,16,30,-14,0,0,0,2026-09-18
4916,事欣科,34,20,14,3598000,2090000,1508000,2026-09-18
4958,臻鼎-KY,25,6,19,11626000,2871000,8755000,2026-09-18
4979,華星光,0,0,0,1230000,5094000,-3864000,2026-09-18
5009,榮剛,12,0,12,0,0,0,2026-09-18
5269,祥碩,0,0,0,10420000,15000,10405000,2026-09-18
5314,世紀*,34,88,-54,0,0,0,2026-09-18
5386,青雲,0,0,0,2000,3061000,-3059000,2026-09-18
5534,長虹,30,0,30,2283000,0,2283000,2026-09-18
6005,群益證,0,11,-11,0,0,0,2026-09-18
6133,金橋,55,3,52,1505000,84000,1421000,2026-09-18
6147,頎邦,203,703,-500,45871000,157773000,-111902000,2026-09-18
6182,合晶,53,66,-13,0,0,0,2026-09-18
6207,雷科,21,1,20,2394000,114000,2280000,2026-09-18
6223,旺矽,0,0,0,5740000,174000,5566000,2026-09-18
6257,矽格,5,31,-26,1183000,7563000,-6380000,2026-09-18
6274,台燿,0,0,0,12535000,3863000,8672000,2026-09-18
6291,沛亨,0,0,0,3125000,1518000,1607000,2026-09-18
6442,光聖,0,0,0,1540000,0,1540000,2026-09-18
6620,漢達,37,25,12,5449000,3756000,1693000,2026-09-18
6669,緯穎,12,0,12,26379000,324000,26055000,2026-09-18
6683,雍智科技,0,0,0,1627000,165000,1462000,2026-09-18
6693,廣閎科,10,38,-28,1840000,6939000,-5099000,2026-09-18
6706,惠特,0,0,0,1459000,147000,1312000,2026-09-18
6708,天擎,14,0,14,0,0,0,2026-09-18
6805,富世達,12,0,12,27535000,98000,27437000,2026-09-18
6902,GOGOLOOK,20,0,20,2820000,0,2820000,2026-09-18
6933,AMAX-KY,0,0,0,2914000,342000,2572000,2026-09-18
6949,沛爾生醫*-創,10,28,-18,0,0,0,2026-09-18
7610,聯友金屬-創,0,0,0,9474000,17219000,-7745000,2026-09-18
7734,印能科技,0,0,0,2655000,7770000,-5115000,2026-09-18
7827,漢康-KY創,0,21,-21,0,3278000,-3278000,2026-09-18
8021,尖點,134,102,32,60468000,46718000,13750000,2026-09-18
8039,台虹,0,0,0,4807000,6665000,-1858000,2026-09-18
8050,廣積,20,0,20,0,0,0,2026-09-18
8064,東捷,52,28,24,6905000,3680000,3225000,2026-09-18
8111,¥ßùÖ,13,26,-13,0,0,0,2026-09-18
8112,至上,32,0,32,2663000,0,2663000,2026-09-18
8150,南茂,15,48,-33,1404000,4446000,-3042000,2026-09-18
8155,博智,0,0,0,0,2894000,-2894000,2026-09-18
8299,群聯,0,0,0,207000,12561000,-12354000,2026-09-18
8932,智通*,0,30,-30,15000,2739000,-2724000,2026-09-18
9904,寶成,30,0,30,0,0,0,2026-09-18
0050,元大台灣50,16,105,-89,1730000,11647000,-9917000,2026-09-21
0056,元大高股息,30,0,30,1709000,24000,1685000,2026-09-21
1101,台泥,56,0,56,1358000,0,1358000,2026-09-21
1303,南亞,62,564,-502,14898000,135464000,-120566000,2026-09-21
1314,中石化,10,38,-28,0,0,0,2026-09-21
1319,東陽,53,0,53,4237000,0,4237000,2026-09-21
1528,恩德,2,18,-16,0,0,0,2026-09-21
1569,濱川,34,4,30,2040000,244000,1796000,2026-09-21
1614,三洋電,0,30,-30,0,0,0,2026-09-21
1718,中纖,0,20,-20,0,0,0,2026-09-21
1815,富喬,113,101,12,13968000,12209000,1759000,2026-09-21
2059,川湖,0,0,0,13000,2324000,-2311000,2026-09-21
2104,國際中橡,30,20,10,0,0,0,2026-09-21
2301,光寶科,0,0,0,9938000,11578000,-1640000,2026-09-21
2303,聯電,112,61,51,17599000,9577000,8022000,2026-09-21
2308,台達電,0,0,0,6056000,26011000,-19955000,2026-09-21
2312,金寶,1,15,-14,0,0,0,2026-09-21
2313,華通,27,5,22,5963000,1112000,4851000,2026-09-21
2317,鴻海,0,0,0,4968000,2770000,2198000,2026-09-21
2324,仁寶,104,17,87,3911000,647000,3264000,2026-09-21
2327,國巨*,0,0,0,6917000,11131000,-4214000,2026-09-21
2330,台積電,19,39,-20,47751000,96326000,-48575000,2026-09-21
2332,友訊,51,1,50,0,0,0,2026-09-21
2337,旺宏,58,45,13,6993000,5414000,1579000,2026-09-21
2344,華邦電,656,36,620,117892000,6304000,111588000,2026-09-21
2352,佳世達,10,32,-22,0,0,0,2026-09-21
2353,§»ùÖ,52,3,49,1681000,81000,1600000,2026-09-21
2360,致茂,0,0,0,14647000,2428000,12219000,2026-09-21
2363,矽統,3,23,-20,0,0,0,2026-09-21
2376,技嘉,0,0,0,0,2366000,-2366000,2026-09-21
2379,瑞昱,0,125,-125,0,92502000,-92502000,2026-09-21
2383,台光電,0,0,0,16233000,34000000,-17767000,2026-09-21
2404,漢唐,0,0,0,0,11350000,-11350000,2026-09-21
2406,國碩,27,1,26,0,0,0,2026-09-21
2408,南亞科,29,18,11,15079000,9560000,5519000,2026-09-21
2409,友達,139,385,-246,4492000,12535000,-8043000,2026-09-21
2412,中華電,0,197,-197,29000,28565000,-28536000,2026-09-21
2425,承啟,11,0,11,0,0,0,2026-09-21
2449,京元電子,287,66,221,86143000,19810000,66333000,2026-09-21
2451,創見,0,0,0,2579000,287000,2292000,2026-09-21
2454,聯發科,0,0,0,65349000,69302000,-3953000,2026-09-21
2455,全新,7,66,-59,3957000,37216000,-33259000,2026-09-21
2468,華經,132,101,31,6305000,4822000,1483000,2026-09-21
2481,強茂,38,26,12,6446000,4374000,2072000,2026-09-21
2491,吉祥全,11,1,10,0,0,0,2026-09-21
2492,華新科,54,5,49,17056000,1657000,15399000,2026-09-21
2880,華南金,74,10,64,3477000,462000,3015000,2026-09-21
2881,富邦金,0,0,0,309000,1934000,-1625000,2026-09-21
2883,凱基金,1,72,-71,39000,2896000,-2857000,2026-09-21
2886,兆豐金,5,19,-14,0,0,0,2026-09-21
2887,台新新光金,2,24,-22,0,0,0,2026-09-21
2890,永豐金,1,28,-27,0,0,0,2026-09-21
2891,中信金,1,47,-46,42000,3341000,-3299000,2026-09-21
2903,遠百,10,0,10,0,0,0,2026-09-21
3005,神基,62,0,62,7278000,0,7278000,2026-09-21
3017,奇鋐,0,0,0,6950000,10501000,-3551000,2026-09-21
3034,聯詠,0,0,0,2341000,0,2341000,2026-09-21
3037,欣興,0,0,0,1246000,6677000,-5431000,2026-09-21
3081,聯亞,0,0,0,8852000,11587000,-2735000,2026-09-21
3105,穩懋,0,0,0,5442000,2980000,2462000,2026-09-21
3141,晶宏,22,1,21,2113000,94000,2019000,2026-09-21
3167,大量,34,23,11,27675000,18606000,9069000,2026-09-21
3189,景碩,10,109,-99,8920000,90520000,-81600000,2026-09-21
3260,威剛,0,0,0,3867000,390000,3477000,2026-09-21
3264,欣銓,13,30,-17,3584000,8228000,-4644000,2026-09-21
3324,雙鴻,1,23,-22,1515000,33850000,-32335000,2026-09-21
3325,旭品,21,0,21,0,0,0,2026-09-21
3372,典範,0,21,-21,0,0,0,2026-09-21
3374,精材,3,21,-18,1156000,9320000,-8164000,2026-09-21
3441,聯一光,0,0,0,1067000,0,1067000,2026-09-21
3443,創意,0,0,0,1382000,74000,1308000,2026-09-21
3450,聯鈞,0,0,0,1312000,109000,1203000,2026-09-21
3481,群創,778,623,155,38539000,30691000,7848000,2026-09-21
3653,健策,0,0,0,28859000,46621000,-17762000,2026-09-21
3661,世芯-KY,0,0,0,445000,3945000,-3500000,2026-09-21
3665,貿聯-KY,13,32,-19,29435000,72353000,-42918000,2026-09-21
4743,合一,5,90,-85,221000,4014000,-3793000,2026-09-21
4916,事欣科,4,39,-35,423000,4124000,-3701000,2026-09-21
4924,欣厚-KY,1,16,-15,0,0,0,2026-09-21
4927,泰鼎-KY,32,3,29,1384000,126000,1258000,2026-09-21
4956,光鋐,127,181,-54,5506000,7905000,-2399000,2026-09-21
4960,誠美材,52,0,52,1217000,0,1217000,2026-09-21
4991,環宇-KY,0,0,0,19021000,21021000,-2000000,2026-09-21
5314,世紀*,79,51,28,0,0,0,2026-09-21
5347,世界,21,10,11,3577000,1711000,1866000,2026-09-21
5475,德宏,23,6,17,4053000,1056000,2997000,2026-09-21
6116,彩晶,0,23,-23,0,0,0,2026-09-21
6152,百一,15,0,15,0,0,0,2026-09-21
6163,華電網,0,23,-23,0,0,0,2026-09-21
6164,華興,0,20,-20,0,0,0,2026-09-21
6179,亞通,55,5,50,2129000,191000,1938000,2026-09-21
6182,合晶,32,82,-50,3718000,9539000,-5821000,2026-09-21
6213,聯茂,0,0,0,3213000,7432000,-4219000,2026-09-21
6257,矽格,24,14,10,5917000,3500000,2417000,2026-09-21
6274,台燿,0,0,0,5513000,11478000,-5965000,2026-09-21
6415,矽力*-KY,0,0,0,0,4687000,-4687000,2026-09-21
6446,藥華藥,0,0,0,2378000,1298000,1080000,2026-09-21
6456,GIS-KY,5,36,-31,346000,2573000,-2227000,2026-09-21
6488,環球晶,0,0,0,3794000,2062000,1732000,2026-09-21
6538,倉和,28,5,23,11623000,2093000,9530000,2026-09-21
6561,是方,0,0,0,0,3140000,-3140000,2026-09-21
6668,中揚光,90,77,13,0,0,0,2026-09-21
6669,緯穎,0,0,0,1670000,242000,1428000,2026-09-21
6672,騰輝電子-KY,0,0,0,0,1617000,-1617000,2026-09-21
6683,雍智科技,0,0,0,4735000,1993000,2742000,2026-09-21
6706,惠特,0,25,-25,16000,4070000,-4054000,2026-09-21
6708,天擎,26,12,14,0,0,0,2026-09-21
6770,力積電,112,92,20,8188000,6753000,1435000,2026-09-21
6890,來億-KY,0,0,0,1470000,0,1470000,2026-09-21
7610,聯友金屬-創,0,0,0,5783000,98000,5685000,2026-09-21
7749,意騰-KY,0,0,0,2479000,0,2479000,2026-09-21
7769,鴻勁,0,0,0,1619000,6094000,-4475000,2026-09-21
7827,漢康-KY創,0,0,0,0,1607000,-1607000,2026-09-21
8021,尖點,0,0,0,16136000,18782000,-2646000,2026-09-21
8028,昇陽半導體,52,1,51,13514000,315000,13199000,2026-09-21
8046,南電,0,0,0,4942000,3286000,1656000,2026-09-21
8064,東捷,0,0,0,1938000,693000,1245000,2026-09-21
8150,南茂,32,60,-28,3179000,6107000,-2928000,2026-09-21
8299,群聯,49,0,49,104435000,156000,104279000,2026-09-21
9934,成霖,39,0,39,0,0,0,2026-09-21
0050,元大台灣50,43,62,-19,4905000,7043000,-2138000,2026-09-22
0052,富邦科技,19,3,16,0,0,0,2026-09-22
1101,台泥,10,57,-47,0,0,0,2026-09-22
1229,聯華,31,0,31,0,0,0,2026-09-22
1303,南亞,70,53,17,16705000,12529000,4176000,2026-09-22
1477,聚陽,0,0,0,1893000,0,1893000,2026-09-22
1614,三洋電,0,30,-30,0,0,0,2026-09-22
1709,和益,82,52,30,0,0,0,2026-09-22
1710,東聯,40,0,40,0,0,0,2026-09-22
1711,永光,0,23,-23,0,0,0,2026-09-22
1721,國慶科技,11,30,-19,0,0,0,2026-09-22
1802,台玻,18,3,15,0,0,0,2026-09-22
1815,富喬,0,0,0,9520000,11110000,-1590000,2026-09-22
2002,中鋼,24,6,18,0,0,0,2026-09-22
2301,光寶科,0,0,0,4126000,8175000,-4049000,2026-09-22
2303,聯電,244,1053,-809,40130000,171614000,-131484000,2026-09-22
2308,台達電,0,0,0,6881000,15826000,-8945000,2026-09-22
2317,鴻海,0,0,0,2392000,4888000,-2496000,2026-09-22
2327,國巨*,121,23,98,70598000,13629000,56969000,2026-09-22
2330,台積電,0,0,0,42153000,37950000,4203000,2026-09-22
2332,友訊,20,51,-31,0,0,0,2026-09-22
2338,光罩,0,39,-39,0,1868000,-1868000,2026-09-22
2352,佳世達,36,0,36,0,0,0,2026-09-22
2353,§»ùÖ,3,51,-48,101000,1604000,-1503000,2026-09-22
2379,瑞昱,1,124,-123,777000,93483000,-92706000,2026-09-22
2382,廣達,0,0,0,2054000,684000,1370000,2026-09-22
2383,台光電,0,0,0,15845000,0,15845000,2026-09-22
2395,研華,0,0,0,8478000,0,8478000,2026-09-22
2404,漢唐,0,0,0,57000,11508000,-11451000,2026-09-22
2406,國碩,18,34,-16,0,0,0,2026-09-22
2408,南亞科,38,21,17,19636000,10781000,8855000,2026-09-22
2409,友達,1037,694,343,36796000,25191000,11605000,2026-09-22
2444,兆勁,0,14,-14,0,0,0,2026-09-22
2449,京元電子,75,100,-25,24275000,32189000,-7914000,2026-09-22
2455,全新,45,6,39,24815000,3288000,21527000,2026-09-22
2481,強茂,31,68,-37,5337000,11663000,-6326000,2026-09-22
2492,華新科,0,0,0,4807000,1943000,2864000,2026-09-22
2493,揚博,0,0,0,2981000,764000,2217000,2026-09-22
2812,台中銀,1,50,-49,0,0,0,2026-09-22
2887,台新新光金,75,0,75,3244000,0,3244000,2026-09-22
2892,第一金,0,54,-54,0,2164000,-2164000,2026-09-22
3008,大立光,0,0,0,39675000,28955000,10720000,2026-09-22
3016,嘉晶,0,0,0,1102000,2893000,-1791000,2026-09-22
3037,欣興,0,0,0,0,6152000,-6152000,2026-09-22
3049,精金,21,6,15,0,0,0,2026-09-22
3055,蔚華科,0,0,0,3319000,4831000,-1512000,2026-09-22
3081,聯亞,0,0,0,14472000,3625000,10847000,2026-09-22
3105,穩懋,16,36,-20,8026000,18282000,-10256000,2026-09-22
3141,晶宏,0,30,-30,0,2715000,-2715000,2026-09-22
3167,大量,0,0,0,19524000,11247000,8277000,2026-09-22
3189,景碩,0,0,0,41463000,50422000,-8959000,2026-09-22
3231,緯創,44,21,23,8030000,3828000,4202000,2026-09-22
3260,威剛,0,0,0,3950000,1542000,2408000,2026-09-22
3324,雙鴻,0,0,0,3195000,6335000,-3140000,2026-09-22
3363,上詮,0,0,0,2022000,4694000,-2672000,2026-09-22
3374,精材,5,46,-41,2401000,22055000,-19654000,2026-09-22
3376,新日興,78,33,45,13935000,5956000,7979000,2026-09-22
3443,創意,0,0,0,0,50803000,-50803000,2026-09-22
3450,聯鈞,0,0,0,6599000,1648000,4951000,2026-09-22
3455,由田,33,0,33,8429000,0,8429000,2026-09-22
3481,群創,236,347,-111,12067000,17865000,-5798000,2026-09-22
3490,單井,27,10,17,0,0,0,2026-09-22
3529,力旺,0,0,0,15000,3352000,-3337000,2026-09-22
3653,健策,0,0,0,32408000,6045000,26363000,2026-09-22
3661,世芯-KY,0,0,0,15292000,12082000,3210000,2026-09-22
3665,貿聯-KY,0,0,0,62053000,34664000,27389000,2026-09-22
3711,日月光投控,0,0,0,9184000,11316000,-2132000,2026-09-22
4142,國光生,0,16,-16,0,0,0,2026-09-22
4416,三圓,30,0,30,0,0,0,2026-09-22
4743,合一,26,3,23,0,0,0,2026-09-22
4760,勤凱,0,0,0,1876000,0,1876000,2026-09-22
4763,材料*-KY,32,6,26,0,0,0,2026-09-22
4903,聯光通,59,98,-39,2515000,4206000,-1691000,2026-09-22
4958,臻鼎-KY,15,30,-15,7430000,14710000,-7280000,2026-09-22
4960,誠美材,160,0,160,3809000,0,3809000,2026-09-22
5314,世紀*,16,0,16,0,0,0,2026-09-22
5386,青雲,0,0,0,2556000,0,2556000,2026-09-22
5871,中租-KY,14,0,14,1491000,0,1491000,2026-09-22
5876,上海商銀,0,34,-34,0,1687000,-1687000,2026-09-22
6116,彩晶,98,147,-49,0,0,0,2026-09-22
6138,茂達,15,1,14,4148000,193000,3955000,2026-09-22
6139,亞翔,0,0,0,1454000,0,1454000,2026-09-22
6147,頎邦,423,21,402,95284000,4760000,90524000,2026-09-22
6152,百一,0,15,-15,0,0,0,2026-09-22
6168,宏齊,127,95,32,0,0,0,2026-09-22
6179,亞通,4,41,-37,0,0,0,2026-09-22
6182,合晶,197,60,137,23647000,7239000,16408000,2026-09-22
6187,萬潤,0,0,0,9078000,246000,8832000,2026-09-22
6207,雷科,44,7,37,5195000,834000,4361000,2026-09-22
6213,聯茂,0,0,0,15690000,12778000,2912000,2026-09-22
6216,居易,60,0,60,0,0,0,2026-09-22
6239,力成,0,0,0,6085000,2636000,3449000,2026-09-22
6269,台郡,14,0,14,0,0,0,2026-09-22
6274,台燿,2,25,-23,2917000,36475000,-33558000,2026-09-22
6278,台表科,4,40,-36,834000,8529000,-7695000,2026-09-22
6290,良維,21,0,21,5774000,0,5774000,2026-09-22
6488,環球晶,5,20,-15,4975000,19320000,-14345000,2026-09-22
6510,精測,0,0,0,3565000,7330000,-3765000,2026-09-22
6664,群翊,0,0,0,3114000,0,3114000,2026-09-22
6669,緯穎,0,0,0,2518000,1054000,1464000,2026-09-22
6672,騰輝電子-KY,0,0,0,2620000,905000,1715000,2026-09-22
6683,雍智科技,0,0,0,19770000,640000,19130000,2026-09-22
6693,廣閎科,0,0,0,0,2342000,-2342000,2026-09-22
6706,惠特,0,0,0,2030000,151000,1879000,2026-09-22
6805,富世達,0,0,0,0,2518000,-2518000,2026-09-22
6861,睿生光電,0,0,0,1592000,0,1592000,2026-09-22
6902,GOGOLOOK,4,19,-15,677000,3096000,-2419000,2026-09-22
6919,康霈*,63,32,31,5261000,2720000,2541000,2026-09-22
7610,聯友金屬-創,0,0,0,9493000,1985000,7508000,2026-09-22
7711,永擎,0,0,0,1637000,0,1637000,2026-09-22
7769,鴻勁,0,0,0,8545000,6152000,2393000,2026-09-22
7827,漢康-KY創,0,0,0,0,1638000,-1638000,2026-09-22
7856,漢測,0,0,0,4819000,34327000,-29508000,2026-09-22
8021,尖點,22,52,-30,10309000,24637000,-14328000,2026-09-22
8046,南電,0,0,0,1617000,16759000,-15142000,2026-09-22
8096,擎亞,1,15,-14,0,0,0,2026-09-22
8150,南茂,101,116,-15,10389000,11997000,-1608000,2026-09-22
8299,群聯,0,0,0,4715000,2605000,2110000,2026-09-22
8996,高力,0,0,0,1521000,5446000,-3925000,2026-09-22
9907,統一實,30,0,30,0,0,0,2026-09-22
9934,成霖,18,0,18,0,0,0,2026-09-22
0052,富邦科技,10,25,-15,0,0,0,2026-09-23
1101,台泥,41,118,-77,1053000,3011000,-1958000,2026-09-23
1102,亞泥,0,20,-20,0,0,0,2026-09-23
1229,聯華,50,0,50,2004000,0,2004000,2026-09-23
1301,台塑,27,3,24,0,0,0,2026-09-23
1303,南亞,47,21,26,10847000,4789000,6058000,2026-09-23
1312,國喬,10,41,-31,0,0,0,2026-09-23
1314,中石化,73,43,30,0,0,0,2026-09-23
1402,遠東新,0,10,-10,0,0,0,2026-09-23
1560,中砂,0,0,0,6881000,39000,6842000,2026-09-23
1709,和益,456,134,322,21962000,6448000,15514000,2026-09-23
1710,東聯,61,11,50,0,0,0,2026-09-23
1717,長興,1,9,-8,0,0,0,2026-09-23
1815,富喬,33,20,13,0,0,0,2026-09-23
1907,永豐餘,20,5,15,0,0,0,2026-09-23
2002,中鋼,17,5,12,0,0,0,2026-09-23
2059,川湖,0,0,0,1715000,125000,1590000,2026-09-23
2104,國際中橡,1,371,-370,11000,4258000,-4247000,2026-09-23
2301,光寶科,16,4,12,4559000,1133000,3426000,2026-09-23
2303,聯電,65,98,-33,10362000,15667000,-5305000,2026-09-23
2313,華通,0,0,0,1123000,2468000,-1345000,2026-09-23
2317,鴻海,0,0,0,3866000,5096000,-1230000,2026-09-23
2327,國巨*,48,26,22,28112000,15003000,13109000,2026-09-23
2329,華泰,29,5,24,0,0,0,2026-09-23
2330,台積電,1,22,-21,1948000,53913000,-51965000,2026-09-23
2331,精英,12,0,12,0,0,0,2026-09-23
2337,旺宏,24,9,15,2893000,1123000,1770000,2026-09-23
2344,華邦電,53,41,12,9300000,7271000,2029000,2026-09-23
2345,智邦,0,0,0,245000,1945000,-1700000,2026-09-23
2352,佳世達,40,0,40,0,0,0,2026-09-23
2368,金像電,1,14,-13,1144000,14823000,-13679000,2026-09-23
2371,大同,126,0,126,3662000,0,3662000,2026-09-23
2379,瑞昱,1,124,-123,771000,95937000,-95166000,2026-09-23
2383,台光電,0,0,0,20090000,27154000,-7064000,2026-09-23
2399,映泰,12,0,12,0,0,0,2026-09-23
2404,漢唐,0,0,0,24223000,26256000,-2033000,2026-09-23
2408,南亞科,51,109,-58,26661000,57094000,-30433000,2026-09-23
2409,友達,1159,1077,82,40916000,37462000,3454000,2026-09-23
2426,鼎元,17,1,16,0,0,0,2026-09-23
2449,京元電子,0,0,0,14127000,15641000,-1514000,2026-09-23
2451,創見,0,9,-9,0,2561000,-2561000,2026-09-23
2454,聯發科,0,0,0,11681000,18530000,-6849000,2026-09-23
2492,華新科,21,2,19,6526000,621000,5905000,2026-09-23
2498,宏達電,19,1,18,0,0,0,2026-09-23
2618,長榮航,0,10,-10,0,0,0,2026-09-23
2855,統一證,11,21,-10,0,0,0,2026-09-23
2880,華南金,24,2,22,0,0,0,2026-09-23
2884,玉山金,2,24,-22,0,0,0,2026-09-23
3005,神基,365,0,365,42700000,0,42700000,2026-09-23
3008,大立光,0,0,0,4855000,0,4855000,2026-09-23
3016,嘉晶,115,7,108,16705000,1055000,15650000,2026-09-23
3017,奇鋐,0,0,0,3555000,7356000,-3801000,2026-09-23
3037,欣興,0,0,0,11906000,13337000,-1431000,2026-09-23
3042,晶技,0,0,0,3216000,4238000,-1022000,2026-09-23
3044,健鼎,21,1,20,11272000,533000,10739000,2026-09-23
3049,精金,1,10,-9,0,0,0,2026-09-23
3081,聯亞,0,0,0,22233000,6060000,16173000,2026-09-23
3105,穩懋,0,0,0,7070000,4483000,2587000,2026-09-23
3167,大量,0,0,0,13036000,16039000,-3003000,2026-09-23
3189,景碩,0,0,0,10941000,8572000,2369000,2026-09-23
3211,順達,0,0,0,38000,3052000,-3014000,2026-09-23
3260,威剛,27,0,27,10431000,0,10431000,2026-09-23
3264,欣銓,8,35,-27,2077000,9046000,-6969000,2026-09-23
3317,尼克森,59,9,50,3870000,590000,3280000,2026-09-23
3322,建舜電,0,10,-10,0,0,0,2026-09-23
3324,雙鴻,0,0,0,3980000,5074000,-1094000,2026-09-23
3374,精材,47,5,42,22159000,2366000,19793000,2026-09-23
3443,創意,0,0,0,9503000,444000,9059000,2026-09-23
3481,群創,123,72,51,6205000,3641000,2564000,2026-09-23
3491,昇達科,0,0,0,110000,3355000,-3245000,2026-09-23
3529,力旺,0,0,0,7355000,10142000,-2787000,2026-09-23
3532,台勝科,16,27,-11,7217000,12150000,-4933000,2026-09-23
3533,嘉澤,0,0,0,3510000,0,3510000,2026-09-23
3576,聯合再生,1,17,-16,0,0,0,2026-09-23
3605,宏致,0,0,0,14747000,12801000,1946000,2026-09-23
3653,健策,0,0,0,530000,12404000,-11874000,2026-09-23
3661,世芯-KY,0,0,0,487000,3948000,-3461000,2026-09-23
3665,貿聯-KY,27,4,23,61525000,9225000,52300000,2026-09-23
3711,日月光投控,0,0,0,2097000,4271000,-2174000,2026-09-23
3717,聯嘉投控,42,29,13,0,0,0,2026-09-23
4566,時碩工業,0,11,-11,0,0,0,2026-09-23
4743,合一,36,133,-97,1625000,6010000,-4385000,2026-09-23
4749,新應材,0,0,0,2254000,0,2254000,2026-09-23
4908,前鼎,0,8,-8,0,1672000,-1672000,2026-09-23
4958,臻鼎-KY,0,0,0,7741000,3859000,3882000,2026-09-23
4960,誠美材,0,799,-799,0,17974000,-17974000,2026-09-23
4979,華星光,0,0,0,3104000,1489000,1615000,2026-09-23
5014,建錩,17,0,17,0,0,0,2026-09-23
5344,立衛,0,25,-25,0,0,0,2026-09-23
5483,中美晶,24,3,21,4497000,467000,4030000,2026-09-23
5512,力麒,0,37,-37,0,0,0,2026-09-23
6116,彩晶,50,15,35,0,0,0,2026-09-23
6182,合晶,59,35,24,7115000,4142000,2973000,2026-09-23
6187,萬潤,0,0,0,6085000,84000,6001000,2026-09-23
6205,詮欣,2,14,-12,0,0,0,2026-09-23
6257,矽格,0,0,0,489000,2417000,-1928000,2026-09-23
6269,台郡,16,0,16,0,0,0,2026-09-23
6290,良維,21,0,21,5783000,0,5783000,2026-09-23
6442,光聖,0,0,0,3095000,304000,2791000,2026-09-23
6446,藥華藥,0,0,0,117000,3540000,-3423000,2026-09-23
6456,GIS-KY,115,140,-25,9074000,10966000,-1892000,2026-09-23
6488,環球晶,67,20,47,63366000,19523000,43843000,2026-09-23
6510,精測,0,0,0,10814000,3545000,7269000,2026-09-23
6526,達發,0,0,0,4131000,5292000,-1161000,2026-09-23
6533,晶心科,0,0,0,2827000,261000,2566000,2026-09-23
6538,倉和,0,0,0,1628000,20000,1608000,2026-09-23
6547,高端疫苗,1,22,-21,61000,1342000,-1281000,2026-09-23
6669,緯穎,20,0,20,42981000,170000,42811000,2026-09-23
6672,騰輝電子-KY,0,0,0,301000,2457000,-2156000,2026-09-23
6693,廣閎科,23,1,22,4432000,196000,4236000,2026-09-23
6715,嘉基,0,0,0,4628000,489000,4139000,2026-09-23
6770,力積電,122,159,-37,8908000,11620000,-2712000,2026-09-23
6781,AES-KY,0,0,0,0,1020000,-1020000,2026-09-23
6831,邁科,0,0,0,5106000,0,5106000,2026-09-23
6861,睿生光電,0,0,0,1396000,3029000,-1633000,2026-09-23
6919,康霈*,80,14,66,6485000,1157000,5328000,2026-09-23
6949,沛爾生醫*-創,16,3,13,0,0,0,2026-09-23
7610,聯友金屬-創,0,0,0,2040000,0,2040000,2026-09-23
7749,意騰-KY,0,0,0,2433000,241000,2192000,2026-09-23
7799,禾榮科,0,0,0,8000,1079000,-1071000,2026-09-23
7822,倍利科,0,0,0,0,1156000,-1156000,2026-09-23
7827,漢康-KY創,0,10,-10,0,1625000,-1625000,2026-09-23
8046,南電,0,0,0,7534000,2929000,4605000,2026-09-23
8050,廣積,0,20,-20,0,1193000,-1193000,2026-09-23
8299,群聯,0,0,0,2395000,4792000,-2397000,2026-09-23
8996,高力,0,0,0,4715000,95000,4620000,2026-09-23
9938,百和,0,10,-10,0,0,0,2026-09-23
0050,元大台灣50,20,3,17,2241000,305000,1936000,2026-09-24
0052,富邦科技,6,55,-49,419000,3583000,-3164000,2026-09-24
1101,台泥,25,0,25,0,0,0,2026-09-24
1201,味全,50,0,50,0,0,0,2026-09-24
1303,南亞,48,58,-10,11124000,13527000,-2403000,2026-09-24
1314,中石化,30,9,21,0,0,0,2026-09-24
1414,東和,0,18,-18,0,0,0,2026-09-24
1709,和益,291,153,138,12965000,6712000,6253000,2026-09-24
1710,東聯,30,0,30,0,0,0,2026-09-24
1815,富喬,27,14,13,3149000,1576000,1573000,2026-09-24
2010,春源,1,11,-10,0,0,0,2026-09-24
2030,彰源,2,17,-15,0,0,0,2026-09-24
2103,台橡,0,30,-30,0,0,0,2026-09-24
2104,國際中橡,93,1,92,0,0,0,2026-09-24
2302,麗正,14,3,11,0,0,0,2026-09-24
2303,聯電,56,110,-54,8690000,16890000,-8200000,2026-09-24
2308,台達電,0,0,0,13680000,17082000,-3402000,2026-09-24
2317,鴻海,26,0,26,6603000,0,6603000,2026-09-24
2324,仁寶,13,52,-39,473000,1903000,-1430000,2026-09-24
2327,國巨*,36,53,-17,21142000,30563000,-9421000,2026-09-24
2330,台積電,13,1,12,32013000,1357000,30656000,2026-09-24
2337,旺宏,0,0,0,2380000,1271000,1109000,2026-09-24
2342,茂矽,235,221,14,0,0,0,2026-09-24
2344,華邦電,51,36,15,8660000,6145000,2515000,2026-09-24
2353,§»ùÖ,0,13,-13,0,0,0,2026-09-24
2368,金像電,27,3,24,29933000,3386000,26547000,2026-09-24
2379,瑞昱,0,0,0,2219000,0,2219000,2026-09-24
2383,台光電,0,0,0,36056000,21308000,14748000,2026-09-24
2395,研華,4,17,-13,2892000,12140000,-9248000,2026-09-24
2408,南亞科,58,11,47,28928000,5497000,23431000,2026-09-24
2409,友達,551,996,-445,18940000,34766000,-15826000,2026-09-24
2449,京元電子,45,13,32,13794000,3898000,9896000,2026-09-24
2454,聯發科,0,0,0,14389000,40131000,-25742000,2026-09-24
2464,盟立,0,0,0,1772000,394000,1378000,2026-09-24
2492,華新科,3,15,-12,964000,4718000,-3754000,2026-09-24
2498,宏達電,20,5,15,0,0,0,2026-09-24
2547,日勝生,22,0,22,0,0,0,2026-09-24
2852,第一保,0,10,-10,0,0,0,2026-09-24
3005,神基,76,0,76,8859000,0,8859000,2026-09-24
3008,大立光,0,0,0,30737000,687000,30050000,2026-09-24
3017,奇鋐,0,0,0,7440000,4013000,3427000,2026-09-24
3034,聯詠,0,0,0,1226000,32000,1194000,2026-09-24
3035,智原,0,0,0,2272000,203000,2069000,2026-09-24
3037,欣興,0,0,0,5952000,7515000,-1563000,2026-09-24
3081,聯亞,0,0,0,5422000,13385000,-7963000,2026-09-24
3086,華義*,0,10,-10,0,0,0,2026-09-24
3149,正達,2,16,-14,0,0,0,2026-09-24
3163,波若威,2,12,-10,1372000,7889000,-6517000,2026-09-24
3167,大量,0,0,0,13808000,19808000,-6000000,2026-09-24
3189,景碩,29,70,-41,28154000,66555000,-38401000,2026-09-24
3260,威剛,15,2,13,5690000,753000,4937000,2026-09-24
3324,雙鴻,0,0,0,3363000,6995000,-3632000,2026-09-24
3363,上詮,0,0,0,1371000,0,1371000,2026-09-24
3443,創意,0,0,0,1667000,9818000,-8151000,2026-09-24
3481,群創,75,45,30,3747000,2242000,1505000,2026-09-24
3490,單井,15,46,-31,0,0,0,2026-09-24
3533,嘉澤,0,0,0,27000,3380000,-3353000,2026-09-24
3580,友威科,0,14,-14,0,0,0,2026-09-24
3624,光頡,94,78,16,13176000,10750000,2426000,2026-09-24
3653,健策,0,0,0,97791000,103291000,-5500000,2026-09-24
3661,世芯-KY,0,0,0,707000,3764000,-3057000,2026-09-24
3665,貿聯-KY,21,1,20,48612000,2110000,46502000,2026-09-24
3711,日月光投控,0,0,0,12343000,13866000,-1523000,2026-09-24
4566,時碩工業,30,6,24,2171000,437000,1734000,2026-09-24
4743,合一,38,22,16,0,0,0,2026-09-24
4764,雙鍵,0,0,0,1465000,96000,1369000,2026-09-24
4903,聯光通,17,38,-21,0,0,0,2026-09-24
4958,臻鼎-KY,23,12,11,11031000,5714000,5317000,2026-09-24
4979,華星光,0,0,0,4157000,7413000,-3256000,2026-09-24
5269,祥碩,0,0,0,0,10255000,-10255000,2026-09-24
5274,信驊,0,0,0,21237000,20140000,1097000,2026-09-24
5285,界霖,12,0,12,0,0,0,2026-09-24
5347,世界,0,0,0,8000,1528000,-1520000,2026-09-24
6139,亞翔,0,0,0,400000,3003000,-2603000,2026-09-24
6148,驊宏資,148,7,141,5960000,274000,5686000,2026-09-24
6173,信昌電,0,0,0,20996000,22965000,-1969000,2026-09-24
6205,詮欣,218,246,-28,16308000,18576000,-2268000,2026-09-24
6213,聯茂,0,0,0,6545000,9256000,-2711000,2026-09-24
6257,矽格,14,3,11,3344000,720000,2624000,2026-09-24
6274,台燿,0,0,0,13023000,1697000,11326000,2026-09-24
6278,台表科,22,10,12,4521000,2120000,2401000,2026-09-24
6290,良維,0,0,0,2225000,0,2225000,2026-09-24
6446,藥華藥,0,0,0,0,6806000,-6806000,2026-09-24
6488,環球晶,0,0,0,14446000,4898000,9548000,2026-09-24
6510,精測,0,0,0,3570000,0,3570000,2026-09-24
6515,穎崴,0,0,0,135000,5879000,-5744000,2026-09-24
6533,晶心科,4,25,-21,1107000,6737000,-5630000,2026-09-24
6672,騰輝電子-KY,0,0,0,1050000,2498000,-1448000,2026-09-24
6693,廣閎科,61,32,29,12114000,6615000,5499000,2026-09-24
6708,天擎,0,122,-122,0,5222000,-5222000,2026-09-24
6727,亞泰金屬,0,0,0,475000,2036000,-1561000,2026-09-24
6739,竹陞科技,0,0,0,1115000,0,1115000,2026-09-24
6770,力積電,69,20,49,4926000,1434000,3492000,2026-09-24
6919,康霈*,17,6,11,0,0,0,2026-09-24
6933,AMAX-KY,0,19,-19,0,7017000,-7017000,2026-09-24
7749,意騰-KY,0,0,0,4016000,595000,3421000,2026-09-24
7769,鴻勁,0,0,0,7317000,0,7317000,2026-09-24
7799,禾榮科,0,0,0,1558000,0,1558000,2026-09-24
7827,漢康-KY創,0,10,-10,0,1595000,-1595000,2026-09-24
7856,漢測,0,0,0,4666000,0,4666000,2026-09-24
8016,矽創,0,0,0,1687000,0,1687000,2026-09-24
8021,尖點,0,0,0,2655000,0,2655000,2026-09-24
8028,昇陽半導體,15,67,-52,3885000,18011000,-14126000,2026-09-24
8046,南電,0,0,0,10026000,4067000,5959000,2026-09-24
8121,越峰,0,10,-10,0,0,0,2026-09-24
8150,南茂,41,65,-24,4585000,7225000,-2640000,2026-09-24
8299,群聯,0,0,0,6878000,264000,6614000,2026-09-24
8996,高力,0,0,0,3891000,1612000,2279000,2026-09-24
9914,美利達,20,0,20,1320000,0,1320000,2026-09-24
